Year of Date,Color EU,country code (Country GHG viewer),Name (extra),Unit,Measure calc,Gas,Sector Name
1990,Member States,SK,Slovakia,t CO2 equivalent,25636.41711,All greenhouse gases - (CO2 equivalent),Industry
1991,Member States,SK,Slovakia,t CO2 equivalent,22175.52474,All greenhouse gases - (CO2 equivalent),Industry
1992,Member States,SK,Slovakia,t CO2 equivalent,20718.53713,All greenhouse gases - (CO2 equivalent),Industry
1993,Member States,SK,Slovakia,t CO2 equivalent,20988.87179,All greenhouse gases - (CO2 equivalent),Industry
1994,Member States,SK,Slovakia,t CO2 equivalent,20522.19744,All greenhouse gases - (CO2 equivalent),Industry
1995,Member States,SK,Slovakia,t CO2 equivalent,20975.39173,All greenhouse gases - (CO2 equivalent),Industry
1996,Member States,SK,Slovakia,t CO2 equivalent,20835.3285,All greenhouse gases - (CO2 equivalent),Industry
1997,Member States,SK,Slovakia,t CO2 equivalent,20522.81221,All greenhouse gases - (CO2 equivalent),Industry
1998,Member States,SK,Slovakia,t CO2 equivalent,20028.2535,All greenhouse gases - (CO2 equivalent),Industry
1999,Member States,SK,Slovakia,t CO2 equivalent,19119.15685,All greenhouse gases - (CO2 equivalent),Industry
2000,Member States,SK,Slovakia,t CO2 equivalent,17841.15172,All greenhouse gases - (CO2 equivalent),Industry
2001,Member States,SK,Slovakia,t CO2 equivalent,18055.98763,All greenhouse gases - (CO2 equivalent),Industry
2002,Member States,SK,Slovakia,t CO2 equivalent,17978.1899,All greenhouse gases - (CO2 equivalent),Industry
2003,Member States,SK,Slovakia,t CO2 equivalent,18426.82577,All greenhouse gases - (CO2 equivalent),Industry
2004,Member States,SK,Slovakia,t CO2 equivalent,19017.55104,All greenhouse gases - (CO2 equivalent),Industry
2005,Member States,SK,Slovakia,t CO2 equivalent,18501.95013,All greenhouse gases - (CO2 equivalent),Industry
2006,Member States,SK,Slovakia,t CO2 equivalent,19946.91284,All greenhouse gases - (CO2 equivalent),Industry
2007,Member States,SK,Slovakia,t CO2 equivalent,18935.46086,All greenhouse gases - (CO2 equivalent),Industry
2008,Member States,SK,Slovakia,t CO2 equivalent,18644.30112,All greenhouse gases - (CO2 equivalent),Industry
2009,Member States,SK,Slovakia,t CO2 equivalent,16674.58,All greenhouse gases - (CO2 equivalent),Industry
2010,Member States,SK,Slovakia,t CO2 equivalent,16953.02937,All greenhouse gases - (CO2 equivalent),Industry
2011,Member States,SK,Slovakia,t CO2 equivalent,17748.19964,All greenhouse gases - (CO2 equivalent),Industry
2012,Member States,SK,Slovakia,t CO2 equivalent,15924.48314,All greenhouse gases - (CO2 equivalent),Industry
2013,Member States,SK,Slovakia,t CO2 equivalent,15795.11824,All greenhouse gases - (CO2 equivalent),Industry
2014,Member States,SK,Slovakia,t CO2 equivalent,16131.48925,All greenhouse gases - (CO2 equivalent),Industry
2015,Member States,SK,Slovakia,t CO2 equivalent,15798.85614,All greenhouse gases - (CO2 equivalent),Industry
2016,Member States,SK,Slovakia,t CO2 equivalent,15952.94557,All greenhouse gases - (CO2 equivalent),Industry
2017,Member States,SK,Slovakia,t CO2 equivalent,16659.2184,All greenhouse gases - (CO2 equivalent),Industry
2018,Member States,SK,Slovakia,t CO2 equivalent,17138.18467,All greenhouse gases - (CO2 equivalent),Industry
2019,Member States,SK,Slovakia,t CO2 equivalent,14966.29334,All greenhouse gases - (CO2 equivalent),Industry
2020,Member States,SK,Slovakia,t CO2 equivalent,14013.02877,All greenhouse gases - (CO2 equivalent),Industry
2021,Member States,SK,Slovakia,t CO2 equivalent,16526.12585,All greenhouse gases - (CO2 equivalent),Industry
1990,Member States,SI,Slovenia,t CO2 equivalent,4462.955618,All greenhouse gases - (CO2 equivalent),Industry
1991,Member States,SI,Slovenia,t CO2 equivalent,4133.286212,All greenhouse gases - (CO2 equivalent),Industry
1992,Member States,SI,Slovenia,t CO2 equivalent,3632.995517,All greenhouse gases - (CO2 equivalent),Industry
1993,Member States,SI,Slovenia,t CO2 equivalent,3387.275044,All greenhouse gases - (CO2 equivalent),Industry
1994,Member States,SI,Slovenia,t CO2 equivalent,3732.18573,All greenhouse gases - (CO2 equivalent),Industry
1995,Member States,SI,Slovenia,t CO2 equivalent,3686.848395,All greenhouse gases - (CO2 equivalent),Industry
1996,Member States,SI,Slovenia,t CO2 equivalent,3579.212259,All greenhouse gases - (CO2 equivalent),Industry
1997,Member States,SI,Slovenia,t CO2 equivalent,3397.437942,All greenhouse gases - (CO2 equivalent),Industry
1998,Member States,SI,Slovenia,t CO2 equivalent,3356.690284,All greenhouse gases - (CO2 equivalent),Industry
1999,Member States,SI,Slovenia,t CO2 equivalent,3395.653646,All greenhouse gases - (CO2 equivalent),Industry
2000,Member States,SI,Slovenia,t CO2 equivalent,3434.562313,All greenhouse gases - (CO2 equivalent),Industry
2001,Member States,SI,Slovenia,t CO2 equivalent,3409.612994,All greenhouse gases - (CO2 equivalent),Industry
2002,Member States,SI,Slovenia,t CO2 equivalent,3448.371052,All greenhouse gases - (CO2 equivalent),Industry
2003,Member States,SI,Slovenia,t CO2 equivalent,3446.331937,All greenhouse gases - (CO2 equivalent),Industry
2004,Member States,SI,Slovenia,t CO2 equivalent,3647.256764,All greenhouse gases - (CO2 equivalent),Industry
2005,Member States,SI,Slovenia,t CO2 equivalent,3855.735044,All greenhouse gases - (CO2 equivalent),Industry
2006,Member States,SI,Slovenia,t CO2 equivalent,4038.784892,All greenhouse gases - (CO2 equivalent),Industry
2007,Member States,SI,Slovenia,t CO2 equivalent,3811.594916,All greenhouse gases - (CO2 equivalent),Industry
2008,Member States,SI,Slovenia,t CO2 equivalent,3657.129492,All greenhouse gases - (CO2 equivalent),Industry
2009,Member States,SI,Slovenia,t CO2 equivalent,2942.855806,All greenhouse gases - (CO2 equivalent),Industry
2010,Member States,SI,Slovenia,t CO2 equivalent,2918.705656,All greenhouse gases - (CO2 equivalent),Industry
2011,Member States,SI,Slovenia,t CO2 equivalent,2729.382125,All greenhouse gases - (CO2 equivalent),Industry
2012,Member States,SI,Slovenia,t CO2 equivalent,2686.159947,All greenhouse gases - (CO2 equivalent),Industry
2013,Member States,SI,Slovenia,t CO2 equivalent,2746.349272,All greenhouse gases - (CO2 equivalent),Industry
2014,Member States,SI,Slovenia,t CO2 equivalent,2790.365308,All greenhouse gases - (CO2 equivalent),Industry
2015,Member States,SI,Slovenia,t CO2 equivalent,2712.562181,All greenhouse gases - (CO2 equivalent),Industry
2016,Member States,SI,Slovenia,t CO2 equivalent,2732.122648,All greenhouse gases - (CO2 equivalent),Industry
2017,Member States,SI,Slovenia,t CO2 equivalent,2865.042836,All greenhouse gases - (CO2 equivalent),Industry
2018,Member States,SI,Slovenia,t CO2 equivalent,2985.097061,All greenhouse gases - (CO2 equivalent),Industry
2019,Member States,SI,Slovenia,t CO2 equivalent,2951.794424,All greenhouse gases - (CO2 equivalent),Industry
2020,Member States,SI,Slovenia,t CO2 equivalent,2851.490916,All greenhouse gases - (CO2 equivalent),Industry
2021,Member States,SI,Slovenia,t CO2 equivalent,2843.690523,All greenhouse gases - (CO2 equivalent),Industry
1990,Member States,SE,Sweden,t CO2 equivalent,18286.16217,All greenhouse gases - (CO2 equivalent),Industry
1991,Member States,SE,Sweden,t CO2 equivalent,17942.69423,All greenhouse gases - (CO2 equivalent),Industry
1992,Member States,SE,Sweden,t CO2 equivalent,16614.55051,All greenhouse gases - (CO2 equivalent),Industry
1993,Member States,SE,Sweden,t CO2 equivalent,17522.4958,All greenhouse gases - (CO2 equivalent),Industry
1994,Member States,SE,Sweden,t CO2 equivalent,19026.15595,All greenhouse gases - (CO2 equivalent),Industry
1995,Member States,SE,Sweden,t CO2 equivalent,19782.7565,All greenhouse gases - (CO2 equivalent),Industry
1996,Member States,SE,Sweden,t CO2 equivalent,19464.40836,All greenhouse gases - (CO2 equivalent),Industry
1997,Member States,SE,Sweden,t CO2 equivalent,19959.11527,All greenhouse gases - (CO2 equivalent),Industry
1998,Member States,SE,Sweden,t CO2 equivalent,19546.25389,All greenhouse gases - (CO2 equivalent),Industry
1999,Member States,SE,Sweden,t CO2 equivalent,18734.72468,All greenhouse gases - (CO2 equivalent),Industry
2000,Member States,SE,Sweden,t CO2 equivalent,19483.16009,All greenhouse gases - (CO2 equivalent),Industry
2001,Member States,SE,Sweden,t CO2 equivalent,19642.66837,All greenhouse gases - (CO2 equivalent),Industry
2002,Member States,SE,Sweden,t CO2 equivalent,19594.30272,All greenhouse gases - (CO2 equivalent),Industry
2003,Member States,SE,Sweden,t CO2 equivalent,19121.20915,All greenhouse gases - (CO2 equivalent),Industry
2004,Member States,SE,Sweden,t CO2 equivalent,19327.14928,All greenhouse gases - (CO2 equivalent),Industry
2005,Member States,SE,Sweden,t CO2 equivalent,18613.12933,All greenhouse gases - (CO2 equivalent),Industry
2006,Member States,SE,Sweden,t CO2 equivalent,18660.10041,All greenhouse gases - (CO2 equivalent),Industry
2007,Member States,SE,Sweden,t CO2 equivalent,18160.28441,All greenhouse gases - (CO2 equivalent),Industry
2008,Member States,SE,Sweden,t CO2 equivalent,17192.9511,All greenhouse gases - (CO2 equivalent),Industry
2009,Member States,SE,Sweden,t CO2 equivalent,13537.34581,All greenhouse gases - (CO2 equivalent),Industry
2010,Member States,SE,Sweden,t CO2 equivalent,16763.48887,All greenhouse gases - (CO2 equivalent),Industry
2011,Member States,SE,Sweden,t CO2 equivalent,15657.11243,All greenhouse gases - (CO2 equivalent),Industry
2012,Member States,SE,Sweden,t CO2 equivalent,14768.96549,All greenhouse gases - (CO2 equivalent),Industry
2013,Member States,SE,Sweden,t CO2 equivalent,14439.58706,All greenhouse gases - (CO2 equivalent),Industry
2014,Member States,SE,Sweden,t CO2 equivalent,14160.61302,All greenhouse gases - (CO2 equivalent),Industry
2015,Member States,SE,Sweden,t CO2 equivalent,14247.05277,All greenhouse gases - (CO2 equivalent),Industry
2016,Member States,SE,Sweden,t CO2 equivalent,14578.86218,All greenhouse gases - (CO2 equivalent),Industry
2017,Member States,SE,Sweden,t CO2 equivalent,14242.02096,All greenhouse gases - (CO2 equivalent),Industry
2018,Member States,SE,Sweden,t CO2 equivalent,14047.11549,All greenhouse gases - (CO2 equivalent),Industry
2019,Member States,SE,Sweden,t CO2 equivalent,14691.39492,All greenhouse gases - (CO2 equivalent),Industry
2020,Member States,SE,Sweden,t CO2 equivalent,12568.89451,All greenhouse gases - (CO2 equivalent),Industry
2021,Member States,SE,Sweden,t CO2 equivalent,13276.65336,All greenhouse gases - (CO2 equivalent),Industry
1990,Member States,RO,Romania,t CO2 equivalent,85915.46744,All greenhouse gases - (CO2 equivalent),Industry
1991,Member States,RO,Romania,t CO2 equivalent,57562.43307,All greenhouse gases - (CO2 equivalent),Industry
1992,Member States,RO,Romania,t CO2 equivalent,54746.16436,All greenhouse gases - (CO2 equivalent),Industry
1993,Member States,RO,Romania,t CO2 equivalent,51227.82889,All greenhouse gases - (CO2 equivalent),Industry
1994,Member States,RO,Romania,t CO2 equivalent,49024.65586,All greenhouse gases - (CO2 equivalent),Industry
1995,Member States,RO,Romania,t CO2 equivalent,51762.29746,All greenhouse gases - (CO2 equivalent),Industry
1996,Member States,RO,Romania,t CO2 equivalent,50435.45371,All greenhouse gases - (CO2 equivalent),Industry
1997,Member States,RO,Romania,t CO2 equivalent,42994.90113,All greenhouse gases - (CO2 equivalent),Industry
1998,Member States,RO,Romania,t CO2 equivalent,37862.74523,All greenhouse gases - (CO2 equivalent),Industry
1999,Member States,RO,Romania,t CO2 equivalent,33815.60107,All greenhouse gases - (CO2 equivalent),Industry
2000,Member States,RO,Romania,t CO2 equivalent,35735.62151,All greenhouse gases - (CO2 equivalent),Industry
2001,Member States,RO,Romania,t CO2 equivalent,36800.6113,All greenhouse gases - (CO2 equivalent),Industry
2002,Member States,RO,Romania,t CO2 equivalent,38445.90198,All greenhouse gases - (CO2 equivalent),Industry
2003,Member States,RO,Romania,t CO2 equivalent,37169.97491,All greenhouse gases - (CO2 equivalent),Industry
2004,Member States,RO,Romania,t CO2 equivalent,39726.37045,All greenhouse gases - (CO2 equivalent),Industry
2005,Member States,RO,Romania,t CO2 equivalent,38947.06899,All greenhouse gases - (CO2 equivalent),Industry
2006,Member States,RO,Romania,t CO2 equivalent,37143.91493,All greenhouse gases - (CO2 equivalent),Industry
2007,Member States,RO,Romania,t CO2 equivalent,39476.94997,All greenhouse gases - (CO2 equivalent),Industry
2008,Member States,RO,Romania,t CO2 equivalent,37878.61372,All greenhouse gases - (CO2 equivalent),Industry
2009,Member States,RO,Romania,t CO2 equivalent,26246.55003,All greenhouse gases - (CO2 equivalent),Industry
2010,Member States,RO,Romania,t CO2 equivalent,28811.89594,All greenhouse gases - (CO2 equivalent),Industry
2011,Member States,RO,Romania,t CO2 equivalent,30872.21703,All greenhouse gases - (CO2 equivalent),Industry
2012,Member States,RO,Romania,t CO2 equivalent,31192.63502,All greenhouse gases - (CO2 equivalent),Industry
2013,Member States,RO,Romania,t CO2 equivalent,26215.08166,All greenhouse gases - (CO2 equivalent),Industry
2014,Member States,RO,Romania,t CO2 equivalent,26320.85939,All greenhouse gases - (CO2 equivalent),Industry
2015,Member States,RO,Romania,t CO2 equivalent,25182.09054,All greenhouse gases - (CO2 equivalent),Industry
2016,Member States,RO,Romania,t CO2 equivalent,24989.99384,All greenhouse gases - (CO2 equivalent),Industry
2017,Member States,RO,Romania,t CO2 equivalent,25342.27303,All greenhouse gases - (CO2 equivalent),Industry
2018,Member States,RO,Romania,t CO2 equivalent,26512.55932,All greenhouse gases - (CO2 equivalent),Industry
2019,Member States,RO,Romania,t CO2 equivalent,25938.20149,All greenhouse gases - (CO2 equivalent),Industry
2020,Member States,RO,Romania,t CO2 equivalent,27284.60854,All greenhouse gases - (CO2 equivalent),Industry
2021,Member States,RO,Romania,t CO2 equivalent,27306.33725,All greenhouse gases - (CO2 equivalent),Industry
1990,Member States,PT,Portugal,t CO2 equivalent,15334.81083,All greenhouse gases - (CO2 equivalent),Industry
1991,Member States,PT,Portugal,t CO2 equivalent,15511.36394,All greenhouse gases - (CO2 equivalent),Industry
1992,Member States,PT,Portugal,t CO2 equivalent,15291.82025,All greenhouse gases - (CO2 equivalent),Industry
1993,Member States,PT,Portugal,t CO2 equivalent,15082.62694,All greenhouse gases - (CO2 equivalent),Industry
1994,Member States,PT,Portugal,t CO2 equivalent,15515.3379,All greenhouse gases - (CO2 equivalent),Industry
1995,Member States,PT,Portugal,t CO2 equivalent,16701.01518,All greenhouse gases - (CO2 equivalent),Industry
1996,Member States,PT,Portugal,t CO2 equivalent,17035.71762,All greenhouse gases - (CO2 equivalent),Industry
1997,Member States,PT,Portugal,t CO2 equivalent,18411.37769,All greenhouse gases - (CO2 equivalent),Industry
1998,Member States,PT,Portugal,t CO2 equivalent,18554.43235,All greenhouse gases - (CO2 equivalent),Industry
1999,Member States,PT,Portugal,t CO2 equivalent,18986.99378,All greenhouse gases - (CO2 equivalent),Industry
2000,Member States,PT,Portugal,t CO2 equivalent,19642.93507,All greenhouse gases - (CO2 equivalent),Industry
2001,Member States,PT,Portugal,t CO2 equivalent,18062.40009,All greenhouse gases - (CO2 equivalent),Industry
2002,Member States,PT,Portugal,t CO2 equivalent,18534.26326,All greenhouse gases - (CO2 equivalent),Industry
2003,Member States,PT,Portugal,t CO2 equivalent,18025.69198,All greenhouse gases - (CO2 equivalent),Industry
2004,Member States,PT,Portugal,t CO2 equivalent,19269.90948,All greenhouse gases - (CO2 equivalent),Industry
2005,Member States,PT,Portugal,t CO2 equivalent,18991.10907,All greenhouse gases - (CO2 equivalent),Industry
2006,Member States,PT,Portugal,t CO2 equivalent,18409.23756,All greenhouse gases - (CO2 equivalent),Industry
2007,Member States,PT,Portugal,t CO2 equivalent,19293.53218,All greenhouse gases - (CO2 equivalent),Industry
2008,Member States,PT,Portugal,t CO2 equivalent,18449.11992,All greenhouse gases - (CO2 equivalent),Industry
2009,Member States,PT,Portugal,t CO2 equivalent,15597.65933,All greenhouse gases - (CO2 equivalent),Industry
2010,Member States,PT,Portugal,t CO2 equivalent,16620.90016,All greenhouse gases - (CO2 equivalent),Industry
2011,Member States,PT,Portugal,t CO2 equivalent,15251.96276,All greenhouse gases - (CO2 equivalent),Industry
2012,Member States,PT,Portugal,t CO2 equivalent,14040.74877,All greenhouse gases - (CO2 equivalent),Industry
2013,Member States,PT,Portugal,t CO2 equivalent,14421.25073,All greenhouse gases - (CO2 equivalent),Industry
2014,Member States,PT,Portugal,t CO2 equivalent,14910.26123,All greenhouse gases - (CO2 equivalent),Industry
2015,Member States,PT,Portugal,t CO2 equivalent,15248.81063,All greenhouse gases - (CO2 equivalent),Industry
2016,Member States,PT,Portugal,t CO2 equivalent,14203.42459,All greenhouse gases - (CO2 equivalent),Industry
2017,Member States,PT,Portugal,t CO2 equivalent,14880.37646,All greenhouse gases - (CO2 equivalent),Industry
2018,Member States,PT,Portugal,t CO2 equivalent,14547.23163,All greenhouse gases - (CO2 equivalent),Industry
2019,Member States,PT,Portugal,t CO2 equivalent,15104.61084,All greenhouse gases - (CO2 equivalent),Industry
2020,Member States,PT,Portugal,t CO2 equivalent,14833.89806,All greenhouse gases - (CO2 equivalent),Industry
2021,Member States,PT,Portugal,t CO2 equivalent,14467.35794,All greenhouse gases - (CO2 equivalent),Industry
1990,Member States,PL,Poland,t CO2 equivalent,64802.70063,All greenhouse gases - (CO2 equivalent),Industry
1991,Member States,PL,Poland,t CO2 equivalent,58924.83195,All greenhouse gases - (CO2 equivalent),Industry
1992,Member States,PL,Poland,t CO2 equivalent,55267.43634,All greenhouse gases - (CO2 equivalent),Industry
1993,Member States,PL,Poland,t CO2 equivalent,66265.3508,All greenhouse gases - (CO2 equivalent),Industry
1994,Member States,PL,Poland,t CO2 equivalent,69512.72334,All greenhouse gases - (CO2 equivalent),Industry
1995,Member States,PL,Poland,t CO2 equivalent,85470.8542,All greenhouse gases - (CO2 equivalent),Industry
1996,Member States,PL,Poland,t CO2 equivalent,89177.48867,All greenhouse gases - (CO2 equivalent),Industry
1997,Member States,PL,Poland,t CO2 equivalent,86255.74743,All greenhouse gases - (CO2 equivalent),Industry
1998,Member States,PL,Poland,t CO2 equivalent,74399.07221,All greenhouse gases - (CO2 equivalent),Industry
1999,Member States,PL,Poland,t CO2 equivalent,65549.54582,All greenhouse gases - (CO2 equivalent),Industry
2000,Member States,PL,Poland,t CO2 equivalent,68187.33681,All greenhouse gases - (CO2 equivalent),Industry
2001,Member States,PL,Poland,t CO2 equivalent,61421.74438,All greenhouse gases - (CO2 equivalent),Industry
2002,Member States,PL,Poland,t CO2 equivalent,57929.57443,All greenhouse gases - (CO2 equivalent),Industry
2003,Member States,PL,Poland,t CO2 equivalent,59873.0625,All greenhouse gases - (CO2 equivalent),Industry
2004,Member States,PL,Poland,t CO2 equivalent,62217.718,All greenhouse gases - (CO2 equivalent),Industry
2005,Member States,PL,Poland,t CO2 equivalent,57604.35022,All greenhouse gases - (CO2 equivalent),Industry
2006,Member States,PL,Poland,t CO2 equivalent,59810.99981,All greenhouse gases - (CO2 equivalent),Industry
2007,Member States,PL,Poland,t CO2 equivalent,64485.93204,All greenhouse gases - (CO2 equivalent),Industry
2008,Member States,PL,Poland,t CO2 equivalent,59083.36605,All greenhouse gases - (CO2 equivalent),Industry
2009,Member States,PL,Poland,t CO2 equivalent,49767.89862,All greenhouse gases - (CO2 equivalent),Industry
2010,Member States,PL,Poland,t CO2 equivalent,52494.37332,All greenhouse gases - (CO2 equivalent),Industry
2011,Member States,PL,Poland,t CO2 equivalent,56189.83846,All greenhouse gases - (CO2 equivalent),Industry
2012,Member States,PL,Poland,t CO2 equivalent,54105.70068,All greenhouse gases - (CO2 equivalent),Industry
2013,Member States,PL,Poland,t CO2 equivalent,52912.1698,All greenhouse gases - (CO2 equivalent),Industry
2014,Member States,PL,Poland,t CO2 equivalent,54524.75676,All greenhouse gases - (CO2 equivalent),Industry
2015,Member States,PL,Poland,t CO2 equivalent,52305.99654,All greenhouse gases - (CO2 equivalent),Industry
2016,Member States,PL,Poland,t CO2 equivalent,53201.72921,All greenhouse gases - (CO2 equivalent),Industry
2017,Member States,PL,Poland,t CO2 equivalent,56097.7723,All greenhouse gases - (CO2 equivalent),Industry
2018,Member States,PL,Poland,t CO2 equivalent,57115.45106,All greenhouse gases - (CO2 equivalent),Industry
2019,Member States,PL,Poland,t CO2 equivalent,56267.98274,All greenhouse gases - (CO2 equivalent),Industry
2020,Member States,PL,Poland,t CO2 equivalent,53423.11641,All greenhouse gases - (CO2 equivalent),Industry
2021,Member States,PL,Poland,t CO2 equivalent,54664.33991,All greenhouse gases - (CO2 equivalent),Industry
1990,Member States,NL,Netherlands,t CO2 equivalent,55882.53024,All greenhouse gases - (CO2 equivalent),Industry
1991,Member States,NL,Netherlands,t CO2 equivalent,56878.27858,All greenhouse gases - (CO2 equivalent),Industry
1992,Member States,NL,Netherlands,t CO2 equivalent,59132.45849,All greenhouse gases - (CO2 equivalent),Industry
1993,Member States,NL,Netherlands,t CO2 equivalent,54778.3727,All greenhouse gases - (CO2 equivalent),Industry
1994,Member States,NL,Netherlands,t CO2 equivalent,56377.85948,All greenhouse gases - (CO2 equivalent),Industry
1995,Member States,NL,Netherlands,t CO2 equivalent,52227.82533,All greenhouse gases - (CO2 equivalent),Industry
1996,Member States,NL,Netherlands,t CO2 equivalent,54915.79682,All greenhouse gases - (CO2 equivalent),Industry
1997,Member States,NL,Netherlands,t CO2 equivalent,55102.37869,All greenhouse gases - (CO2 equivalent),Industry
1998,Member States,NL,Netherlands,t CO2 equivalent,55246.00342,All greenhouse gases - (CO2 equivalent),Industry
1999,Member States,NL,Netherlands,t CO2 equivalent,49529.15329,All greenhouse gases - (CO2 equivalent),Industry
2000,Member States,NL,Netherlands,t CO2 equivalent,48091.58173,All greenhouse gases - (CO2 equivalent),Industry
2001,Member States,NL,Netherlands,t CO2 equivalent,44549.94101,All greenhouse gases - (CO2 equivalent),Industry
2002,Member States,NL,Netherlands,t CO2 equivalent,45019.51122,All greenhouse gases - (CO2 equivalent),Industry
2003,Member States,NL,Netherlands,t CO2 equivalent,43728.68129,All greenhouse gases - (CO2 equivalent),Industry
2004,Member States,NL,Netherlands,t CO2 equivalent,43789.0711,All greenhouse gases - (CO2 equivalent),Industry
2005,Member States,NL,Netherlands,t CO2 equivalent,43553.87609,All greenhouse gases - (CO2 equivalent),Industry
2006,Member States,NL,Netherlands,t CO2 equivalent,43394.80785,All greenhouse gases - (CO2 equivalent),Industry
2007,Member States,NL,Netherlands,t CO2 equivalent,43109.23031,All greenhouse gases - (CO2 equivalent),Industry
2008,Member States,NL,Netherlands,t CO2 equivalent,38867.88938,All greenhouse gases - (CO2 equivalent),Industry
2009,Member States,NL,Netherlands,t CO2 equivalent,36324.63317,All greenhouse gases - (CO2 equivalent),Industry
2010,Member States,NL,Netherlands,t CO2 equivalent,38843.48906,All greenhouse gases - (CO2 equivalent),Industry
2011,Member States,NL,Netherlands,t CO2 equivalent,38218.28694,All greenhouse gases - (CO2 equivalent),Industry
2012,Member States,NL,Netherlands,t CO2 equivalent,37484.00331,All greenhouse gases - (CO2 equivalent),Industry
2013,Member States,NL,Netherlands,t CO2 equivalent,36751.61048,All greenhouse gases - (CO2 equivalent),Industry
2014,Member States,NL,Netherlands,t CO2 equivalent,35550.44378,All greenhouse gases - (CO2 equivalent),Industry
2015,Member States,NL,Netherlands,t CO2 equivalent,35061.25557,All greenhouse gases - (CO2 equivalent),Industry
2016,Member States,NL,Netherlands,t CO2 equivalent,36865.42352,All greenhouse gases - (CO2 equivalent),Industry
2017,Member States,NL,Netherlands,t CO2 equivalent,38528.1641,All greenhouse gases - (CO2 equivalent),Industry
2018,Member States,NL,Netherlands,t CO2 equivalent,37554.83323,All greenhouse gases - (CO2 equivalent),Industry
2019,Member States,NL,Netherlands,t CO2 equivalent,36261.4934,All greenhouse gases - (CO2 equivalent),Industry
2020,Member States,NL,Netherlands,t CO2 equivalent,36162.61685,All greenhouse gases - (CO2 equivalent),Industry
2021,Member States,NL,Netherlands,t CO2 equivalent,36101.5117,All greenhouse gases - (CO2 equivalent),Industry
1990,Member States,MT,Malta,t CO2 equivalent,60.33111551,All greenhouse gases - (CO2 equivalent),Industry
1991,Member States,MT,Malta,t CO2 equivalent,62.50232365,All greenhouse gases - (CO2 equivalent),Industry
1992,Member States,MT,Malta,t CO2 equivalent,72.46352513,All greenhouse gases - (CO2 equivalent),Industry
1993,Member States,MT,Malta,t CO2 equivalent,74.18421012,All greenhouse gases - (CO2 equivalent),Industry
1994,Member States,MT,Malta,t CO2 equivalent,79.81641235,All greenhouse gases - (CO2 equivalent),Industry
1995,Member States,MT,Malta,t CO2 equivalent,84.61204646,All greenhouse gases - (CO2 equivalent),Industry
1996,Member States,MT,Malta,t CO2 equivalent,85.05842708,All greenhouse gases - (CO2 equivalent),Industry
1997,Member States,MT,Malta,t CO2 equivalent,87.62218237,All greenhouse gases - (CO2 equivalent),Industry
1998,Member States,MT,Malta,t CO2 equivalent,68.40464286,All greenhouse gases - (CO2 equivalent),Industry
1999,Member States,MT,Malta,t CO2 equivalent,71.55650094,All greenhouse gases - (CO2 equivalent),Industry
2000,Member States,MT,Malta,t CO2 equivalent,75.26604833,All greenhouse gases - (CO2 equivalent),Industry
2001,Member States,MT,Malta,t CO2 equivalent,73.06173793,All greenhouse gases - (CO2 equivalent),Industry
2002,Member States,MT,Malta,t CO2 equivalent,79.73077835,All greenhouse gases - (CO2 equivalent),Industry
2003,Member States,MT,Malta,t CO2 equivalent,85.85858297,All greenhouse gases - (CO2 equivalent),Industry
2004,Member States,MT,Malta,t CO2 equivalent,92.31181073,All greenhouse gases - (CO2 equivalent),Industry
2005,Member States,MT,Malta,t CO2 equivalent,70.49083798,All greenhouse gases - (CO2 equivalent),Industry
2006,Member States,MT,Malta,t CO2 equivalent,111.241923,All greenhouse gases - (CO2 equivalent),Industry
2007,Member States,MT,Malta,t CO2 equivalent,134.4268157,All greenhouse gases - (CO2 equivalent),Industry
2008,Member States,MT,Malta,t CO2 equivalent,149.9665192,All greenhouse gases - (CO2 equivalent),Industry
2009,Member States,MT,Malta,t CO2 equivalent,150.9729117,All greenhouse gases - (CO2 equivalent),Industry
2010,Member States,MT,Malta,t CO2 equivalent,172.4545764,All greenhouse gases - (CO2 equivalent),Industry
2011,Member States,MT,Malta,t CO2 equivalent,183.1784221,All greenhouse gases - (CO2 equivalent),Industry
2012,Member States,MT,Malta,t CO2 equivalent,225.1634449,All greenhouse gases - (CO2 equivalent),Industry
2013,Member States,MT,Malta,t CO2 equivalent,269.8050961,All greenhouse gases - (CO2 equivalent),Industry
2014,Member States,MT,Malta,t CO2 equivalent,287.1305501,All greenhouse gases - (CO2 equivalent),Industry
2015,Member States,MT,Malta,t CO2 equivalent,290.3756844,All greenhouse gases - (CO2 equivalent),Industry
2016,Member States,MT,Malta,t CO2 equivalent,303.3071643,All greenhouse gases - (CO2 equivalent),Industry
2017,Member States,MT,Malta,t CO2 equivalent,304.2378964,All greenhouse gases - (CO2 equivalent),Industry
2018,Member States,MT,Malta,t CO2 equivalent,281.2197361,All greenhouse gases - (CO2 equivalent),Industry
2019,Member States,MT,Malta,t CO2 equivalent,274.2485538,All greenhouse gases - (CO2 equivalent),Industry
2020,Member States,MT,Malta,t CO2 equivalent,282.2331395,All greenhouse gases - (CO2 equivalent),Industry
2021,Member States,MT,Malta,t CO2 equivalent,290.2376271,All greenhouse gases - (CO2 equivalent),Industry
1990,Member States,LV,Latvia,t CO2 equivalent,4621.738979,All greenhouse gases - (CO2 equivalent),Industry
1991,Member States,LV,Latvia,t CO2 equivalent,3582.874879,All greenhouse gases - (CO2 equivalent),Industry
1992,Member States,LV,Latvia,t CO2 equivalent,2839.838648,All greenhouse gases - (CO2 equivalent),Industry
1993,Member States,LV,Latvia,t CO2 equivalent,2347.623745,All greenhouse gases - (CO2 equivalent),Industry
1994,Member States,LV,Latvia,t CO2 equivalent,2170.263394,All greenhouse gases - (CO2 equivalent),Industry
1995,Member States,LV,Latvia,t CO2 equivalent,2153.102555,All greenhouse gases - (CO2 equivalent),Industry
1996,Member States,LV,Latvia,t CO2 equivalent,2131.574329,All greenhouse gases - (CO2 equivalent),Industry
1997,Member States,LV,Latvia,t CO2 equivalent,2099.909228,All greenhouse gases - (CO2 equivalent),Industry
1998,Member States,LV,Latvia,t CO2 equivalent,1881.419458,All greenhouse gases - (CO2 equivalent),Industry
1999,Member States,LV,Latvia,t CO2 equivalent,1771.244514,All greenhouse gases - (CO2 equivalent),Industry
2000,Member States,LV,Latvia,t CO2 equivalent,1459.955223,All greenhouse gases - (CO2 equivalent),Industry
2001,Member States,LV,Latvia,t CO2 equivalent,1389.850886,All greenhouse gases - (CO2 equivalent),Industry
2002,Member States,LV,Latvia,t CO2 equivalent,1456.330112,All greenhouse gases - (CO2 equivalent),Industry
2003,Member States,LV,Latvia,t CO2 equivalent,1495.672026,All greenhouse gases - (CO2 equivalent),Industry
2004,Member States,LV,Latvia,t CO2 equivalent,1538.902521,All greenhouse gases - (CO2 equivalent),Industry
2005,Member States,LV,Latvia,t CO2 equivalent,1535.650216,All greenhouse gases - (CO2 equivalent),Industry
2006,Member States,LV,Latvia,t CO2 equivalent,1660.213567,All greenhouse gases - (CO2 equivalent),Industry
2007,Member States,LV,Latvia,t CO2 equivalent,1677.664409,All greenhouse gases - (CO2 equivalent),Industry
2008,Member States,LV,Latvia,t CO2 equivalent,1579.370078,All greenhouse gases - (CO2 equivalent),Industry
2009,Member States,LV,Latvia,t CO2 equivalent,1354.698941,All greenhouse gases - (CO2 equivalent),Industry
2010,Member States,LV,Latvia,t CO2 equivalent,1848.928095,All greenhouse gases - (CO2 equivalent),Industry
2011,Member States,LV,Latvia,t CO2 equivalent,1752.425928,All greenhouse gases - (CO2 equivalent),Industry
2012,Member States,LV,Latvia,t CO2 equivalent,1860.562825,All greenhouse gases - (CO2 equivalent),Industry
2013,Member States,LV,Latvia,t CO2 equivalent,1648.63065,All greenhouse gases - (CO2 equivalent),Industry
2014,Member States,LV,Latvia,t CO2 equivalent,1593.761604,All greenhouse gases - (CO2 equivalent),Industry
2015,Member States,LV,Latvia,t CO2 equivalent,1468.052364,All greenhouse gases - (CO2 equivalent),Industry
2016,Member States,LV,Latvia,t CO2 equivalent,1300.219173,All greenhouse gases - (CO2 equivalent),Industry
2017,Member States,LV,Latvia,t CO2 equivalent,1421.980136,All greenhouse gases - (CO2 equivalent),Industry
2018,Member States,LV,Latvia,t CO2 equivalent,1640.131701,All greenhouse gases - (CO2 equivalent),Industry
2019,Member States,LV,Latvia,t CO2 equivalent,1555.505621,All greenhouse gases - (CO2 equivalent),Industry
2020,Member States,LV,Latvia,t CO2 equivalent,1519.354767,All greenhouse gases - (CO2 equivalent),Industry
2021,Member States,LV,Latvia,t CO2 equivalent,1524.349881,All greenhouse gases - (CO2 equivalent),Industry
1990,Member States,LU,Luxembourg,t CO2 equivalent,7852.151785,All greenhouse gases - (CO2 equivalent),Industry
1991,Member States,LU,Luxembourg,t CO2 equivalent,7603.708002,All greenhouse gases - (CO2 equivalent),Industry
1992,Member States,LU,Luxembourg,t CO2 equivalent,7188.657042,All greenhouse gases - (CO2 equivalent),Industry
1993,Member States,LU,Luxembourg,t CO2 equivalent,7316.536319,All greenhouse gases - (CO2 equivalent),Industry
1994,Member States,LU,Luxembourg,t CO2 equivalent,6504.933087,All greenhouse gases - (CO2 equivalent),Industry
1995,Member States,LU,Luxembourg,t CO2 equivalent,4291.623818,All greenhouse gases - (CO2 equivalent),Industry
1996,Member States,LU,Luxembourg,t CO2 equivalent,4079.920546,All greenhouse gases - (CO2 equivalent),Industry
1997,Member States,LU,Luxembourg,t CO2 equivalent,3202.983904,All greenhouse gases - (CO2 equivalent),Industry
1998,Member States,LU,Luxembourg,t CO2 equivalent,1995.941531,All greenhouse gases - (CO2 equivalent),Industry
1999,Member States,LU,Luxembourg,t CO2 equivalent,2125.951015,All greenhouse gases - (CO2 equivalent),Industry
2000,Member States,LU,Luxembourg,t CO2 equivalent,2093.33785,All greenhouse gases - (CO2 equivalent),Industry
2001,Member States,LU,Luxembourg,t CO2 equivalent,2128.557574,All greenhouse gases - (CO2 equivalent),Industry
2002,Member States,LU,Luxembourg,t CO2 equivalent,2043.432841,All greenhouse gases - (CO2 equivalent),Industry
2003,Member States,LU,Luxembourg,t CO2 equivalent,1944.63336,All greenhouse gases - (CO2 equivalent),Industry
2004,Member States,LU,Luxembourg,t CO2 equivalent,2090.282398,All greenhouse gases - (CO2 equivalent),Industry
2005,Member States,LU,Luxembourg,t CO2 equivalent,2071.955566,All greenhouse gases - (CO2 equivalent),Industry
2006,Member States,LU,Luxembourg,t CO2 equivalent,2225.271953,All greenhouse gases - (CO2 equivalent),Industry
2007,Member States,LU,Luxembourg,t CO2 equivalent,2134.603439,All greenhouse gases - (CO2 equivalent),Industry
2008,Member States,LU,Luxembourg,t CO2 equivalent,2037.816957,All greenhouse gases - (CO2 equivalent),Industry
2009,Member States,LU,Luxembourg,t CO2 equivalent,1840.211648,All greenhouse gases - (CO2 equivalent),Industry
2010,Member States,LU,Luxembourg,t CO2 equivalent,1923.594552,All greenhouse gases - (CO2 equivalent),Industry
2011,Member States,LU,Luxembourg,t CO2 equivalent,1959.278657,All greenhouse gases - (CO2 equivalent),Industry
2012,Member States,LU,Luxembourg,t CO2 equivalent,1880.677969,All greenhouse gases - (CO2 equivalent),Industry
2013,Member States,LU,Luxembourg,t CO2 equivalent,1816.616867,All greenhouse gases - (CO2 equivalent),Industry
2014,Member States,LU,Luxembourg,t CO2 equivalent,1807.94981,All greenhouse gases - (CO2 equivalent),Industry
2015,Member States,LU,Luxembourg,t CO2 equivalent,1762.838989,All greenhouse gases - (CO2 equivalent),Industry
2016,Member States,LU,Luxembourg,t CO2 equivalent,1836.825444,All greenhouse gases - (CO2 equivalent),Industry
2017,Member States,LU,Luxembourg,t CO2 equivalent,1828.860524,All greenhouse gases - (CO2 equivalent),Industry
2018,Member States,LU,Luxembourg,t CO2 equivalent,1848.616179,All greenhouse gases - (CO2 equivalent),Industry
2019,Member States,LU,Luxembourg,t CO2 equivalent,1901.085331,All greenhouse gases - (CO2 equivalent),Industry
2020,Member States,LU,Luxembourg,t CO2 equivalent,1762.424539,All greenhouse gases - (CO2 equivalent),Industry
2021,Member States,LU,Luxembourg,t CO2 equivalent,1759.843089,All greenhouse gases - (CO2 equivalent),Industry
1990,Member States,LT,Lithuania,t CO2 equivalent,10457.48115,All greenhouse gases - (CO2 equivalent),Industry
1991,Member States,LT,Lithuania,t CO2 equivalent,10530.19339,All greenhouse gases - (CO2 equivalent),Industry
1992,Member States,LT,Lithuania,t CO2 equivalent,5573.741391,All greenhouse gases - (CO2 equivalent),Industry
1993,Member States,LT,Lithuania,t CO2 equivalent,3603.793162,All greenhouse gases - (CO2 equivalent),Industry
1994,Member States,LT,Lithuania,t CO2 equivalent,3867.878925,All greenhouse gases - (CO2 equivalent),Industry
1995,Member States,LT,Lithuania,t CO2 equivalent,3851.793579,All greenhouse gases - (CO2 equivalent),Industry
1996,Member States,LT,Lithuania,t CO2 equivalent,3996.085037,All greenhouse gases - (CO2 equivalent),Industry
1997,Member States,LT,Lithuania,t CO2 equivalent,3975.284381,All greenhouse gases - (CO2 equivalent),Industry
1998,Member States,LT,Lithuania,t CO2 equivalent,4320.204474,All greenhouse gases - (CO2 equivalent),Industry
1999,Member States,LT,Lithuania,t CO2 equivalent,3908.826654,All greenhouse gases - (CO2 equivalent),Industry
2000,Member States,LT,Lithuania,t CO2 equivalent,3937.34958,All greenhouse gases - (CO2 equivalent),Industry
2001,Member States,LT,Lithuania,t CO2 equivalent,4127.380639,All greenhouse gases - (CO2 equivalent),Industry
2002,Member States,LT,Lithuania,t CO2 equivalent,4348.918683,All greenhouse gases - (CO2 equivalent),Industry
2003,Member States,LT,Lithuania,t CO2 equivalent,4448.75736,All greenhouse gases - (CO2 equivalent),Industry
2004,Member States,LT,Lithuania,t CO2 equivalent,4695.297571,All greenhouse gases - (CO2 equivalent),Industry
2005,Member States,LT,Lithuania,t CO2 equivalent,4993.188161,All greenhouse gases - (CO2 equivalent),Industry
2006,Member States,LT,Lithuania,t CO2 equivalent,5435.096451,All greenhouse gases - (CO2 equivalent),Industry
2007,Member States,LT,Lithuania,t CO2 equivalent,7081.053682,All greenhouse gases - (CO2 equivalent),Industry
2008,Member States,LT,Lithuania,t CO2 equivalent,6342.790381,All greenhouse gases - (CO2 equivalent),Industry
2009,Member States,LT,Lithuania,t CO2 equivalent,3195.163983,All greenhouse gases - (CO2 equivalent),Industry
2010,Member States,LT,Lithuania,t CO2 equivalent,3294.737684,All greenhouse gases - (CO2 equivalent),Industry
2011,Member States,LT,Lithuania,t CO2 equivalent,4647.923178,All greenhouse gases - (CO2 equivalent),Industry
2012,Member States,LT,Lithuania,t CO2 equivalent,4665.509254,All greenhouse gases - (CO2 equivalent),Industry
2013,Member States,LT,Lithuania,t CO2 equivalent,4161.503571,All greenhouse gases - (CO2 equivalent),Industry
2014,Member States,LT,Lithuania,t CO2 equivalent,4177.777421,All greenhouse gases - (CO2 equivalent),Industry
2015,Member States,LT,Lithuania,t CO2 equivalent,4361.426427,All greenhouse gases - (CO2 equivalent),Industry
2016,Member States,LT,Lithuania,t CO2 equivalent,4183.22993,All greenhouse gases - (CO2 equivalent),Industry
2017,Member States,LT,Lithuania,t CO2 equivalent,4454.437834,All greenhouse gases - (CO2 equivalent),Industry
2018,Member States,LT,Lithuania,t CO2 equivalent,4097.670198,All greenhouse gases - (CO2 equivalent),Industry
2019,Member States,LT,Lithuania,t CO2 equivalent,4368.389687,All greenhouse gases - (CO2 equivalent),Industry
2020,Member States,LT,Lithuania,t CO2 equivalent,4059.822109,All greenhouse gases - (CO2 equivalent),Industry
2021,Member States,LT,Lithuania,t CO2 equivalent,4030.929317,All greenhouse gases - (CO2 equivalent),Industry
1990,Member States,IT,Italy,t CO2 equivalent,131406.8927,All greenhouse gases - (CO2 equivalent),Industry
1991,Member States,IT,Italy,t CO2 equivalent,128296.537,All greenhouse gases - (CO2 equivalent),Industry
1992,Member States,IT,Italy,t CO2 equivalent,127848.5059,All greenhouse gases - (CO2 equivalent),Industry
1993,Member States,IT,Italy,t CO2 equivalent,123477.5949,All greenhouse gases - (CO2 equivalent),Industry
1994,Member States,IT,Italy,t CO2 equivalent,123888.1885,All greenhouse gases - (CO2 equivalent),Industry
1995,Member States,IT,Italy,t CO2 equivalent,127473.6328,All greenhouse gases - (CO2 equivalent),Industry
1996,Member States,IT,Italy,t CO2 equivalent,123758.9208,All greenhouse gases - (CO2 equivalent),Industry
1997,Member States,IT,Italy,t CO2 equivalent,128502.3556,All greenhouse gases - (CO2 equivalent),Industry
1998,Member States,IT,Italy,t CO2 equivalent,132598.7594,All greenhouse gases - (CO2 equivalent),Industry
1999,Member States,IT,Italy,t CO2 equivalent,138105.9988,All greenhouse gases - (CO2 equivalent),Industry
2000,Member States,IT,Italy,t CO2 equivalent,134611.7093,All greenhouse gases - (CO2 equivalent),Industry
2001,Member States,IT,Italy,t CO2 equivalent,132032.1531,All greenhouse gases - (CO2 equivalent),Industry
2002,Member States,IT,Italy,t CO2 equivalent,130448.4277,All greenhouse gases - (CO2 equivalent),Industry
2003,Member States,IT,Italy,t CO2 equivalent,138663.1118,All greenhouse gases - (CO2 equivalent),Industry
2004,Member States,IT,Italy,t CO2 equivalent,140759.7813,All greenhouse gases - (CO2 equivalent),Industry
2005,Member States,IT,Italy,t CO2 equivalent,139523.5302,All greenhouse gases - (CO2 equivalent),Industry
2006,Member States,IT,Italy,t CO2 equivalent,133190.5626,All greenhouse gases - (CO2 equivalent),Industry
2007,Member States,IT,Italy,t CO2 equivalent,135750.5044,All greenhouse gases - (CO2 equivalent),Industry
2008,Member States,IT,Italy,t CO2 equivalent,129174.2657,All greenhouse gases - (CO2 equivalent),Industry
2009,Member States,IT,Italy,t CO2 equivalent,102081.1407,All greenhouse gases - (CO2 equivalent),Industry
2010,Member States,IT,Italy,t CO2 equivalent,109017.9413,All greenhouse gases - (CO2 equivalent),Industry
2011,Member States,IT,Italy,t CO2 equivalent,110203.9922,All greenhouse gases - (CO2 equivalent),Industry
2012,Member States,IT,Italy,t CO2 equivalent,103134.4522,All greenhouse gases - (CO2 equivalent),Industry
2013,Member States,IT,Italy,t CO2 equivalent,92535.40634,All greenhouse gases - (CO2 equivalent),Industry
2014,Member States,IT,Italy,t CO2 equivalent,87989.69505,All greenhouse gases - (CO2 equivalent),Industry
2015,Member States,IT,Italy,t CO2 equivalent,88906.97184,All greenhouse gases - (CO2 equivalent),Industry
2016,Member States,IT,Italy,t CO2 equivalent,87928.39242,All greenhouse gases - (CO2 equivalent),Industry
2017,Member States,IT,Italy,t CO2 equivalent,87002.81791,All greenhouse gases - (CO2 equivalent),Industry
2018,Member States,IT,Italy,t CO2 equivalent,89153.21112,All greenhouse gases - (CO2 equivalent),Industry
2019,Member States,IT,Italy,t CO2 equivalent,83995.63994,All greenhouse gases - (CO2 equivalent),Industry
2020,Member States,IT,Italy,t CO2 equivalent,76871.31657,All greenhouse gases - (CO2 equivalent),Industry
2021,Member States,IT,Italy,t CO2 equivalent,85715.52349,All greenhouse gases - (CO2 equivalent),Industry
1990,Member States,IE,Ireland,t CO2 equivalent,7262.886941,All greenhouse gases - (CO2 equivalent),Industry
1991,Member States,IE,Ireland,t CO2 equivalent,7072.571011,All greenhouse gases - (CO2 equivalent),Industry
1992,Member States,IE,Ireland,t CO2 equivalent,6672.29984,All greenhouse gases - (CO2 equivalent),Industry
1993,Member States,IE,Ireland,t CO2 equivalent,6877.097627,All greenhouse gases - (CO2 equivalent),Industry
1994,Member States,IE,Ireland,t CO2 equivalent,7386.194364,All greenhouse gases - (CO2 equivalent),Industry
1995,Member States,IE,Ireland,t CO2 equivalent,7385.668439,All greenhouse gases - (CO2 equivalent),Industry
1996,Member States,IE,Ireland,t CO2 equivalent,7430.896556,All greenhouse gases - (CO2 equivalent),Industry
1997,Member States,IE,Ireland,t CO2 equivalent,8203.924921,All greenhouse gases - (CO2 equivalent),Industry
1998,Member States,IE,Ireland,t CO2 equivalent,7979.434834,All greenhouse gases - (CO2 equivalent),Industry
1999,Member States,IE,Ireland,t CO2 equivalent,8270.357086,All greenhouse gases - (CO2 equivalent),Industry
2000,Member States,IE,Ireland,t CO2 equivalent,9820.413612,All greenhouse gases - (CO2 equivalent),Industry
2001,Member States,IE,Ireland,t CO2 equivalent,9870.346035,All greenhouse gases - (CO2 equivalent),Industry
2002,Member States,IE,Ireland,t CO2 equivalent,9056.701073,All greenhouse gases - (CO2 equivalent),Industry
2003,Member States,IE,Ireland,t CO2 equivalent,8603.964197,All greenhouse gases - (CO2 equivalent),Industry
2004,Member States,IE,Ireland,t CO2 equivalent,8883.715513,All greenhouse gases - (CO2 equivalent),Industry
2005,Member States,IE,Ireland,t CO2 equivalent,9346.756625,All greenhouse gases - (CO2 equivalent),Industry
2006,Member States,IE,Ireland,t CO2 equivalent,9089.385072,All greenhouse gases - (CO2 equivalent),Industry
2007,Member States,IE,Ireland,t CO2 equivalent,9251.616212,All greenhouse gases - (CO2 equivalent),Industry
2008,Member States,IE,Ireland,t CO2 equivalent,8810.982436,All greenhouse gases - (CO2 equivalent),Industry
2009,Member States,IE,Ireland,t CO2 equivalent,6963.416485,All greenhouse gases - (CO2 equivalent),Industry
2010,Member States,IE,Ireland,t CO2 equivalent,6783.393889,All greenhouse gases - (CO2 equivalent),Industry
2011,Member States,IE,Ireland,t CO2 equivalent,6221.134826,All greenhouse gases - (CO2 equivalent),Industry
2012,Member States,IE,Ireland,t CO2 equivalent,6526.786941,All greenhouse gases - (CO2 equivalent),Industry
2013,Member States,IE,Ireland,t CO2 equivalent,6627.993888,All greenhouse gases - (CO2 equivalent),Industry
2014,Member States,IE,Ireland,t CO2 equivalent,7282.881859,All greenhouse gases - (CO2 equivalent),Industry
2015,Member States,IE,Ireland,t CO2 equivalent,7515.282006,All greenhouse gases - (CO2 equivalent),Industry
2016,Member States,IE,Ireland,t CO2 equivalent,7792.124282,All greenhouse gases - (CO2 equivalent),Industry
2017,Member States,IE,Ireland,t CO2 equivalent,7946.348294,All greenhouse gases - (CO2 equivalent),Industry
2018,Member States,IE,Ireland,t CO2 equivalent,7904.324064,All greenhouse gases - (CO2 equivalent),Industry
2019,Member States,IE,Ireland,t CO2 equivalent,7766.44866,All greenhouse gases - (CO2 equivalent),Industry
2020,Member States,IE,Ireland,t CO2 equivalent,7340.371317,All greenhouse gases - (CO2 equivalent),Industry
2021,Member States,IE,Ireland,t CO2 equivalent,7867.300874,All greenhouse gases - (CO2 equivalent),Industry
1990,Member States,HU,Hungary,t CO2 equivalent,24757.06148,All greenhouse gases - (CO2 equivalent),Industry
1991,Member States,HU,Hungary,t CO2 equivalent,19428.75764,All greenhouse gases - (CO2 equivalent),Industry
1992,Member States,HU,Hungary,t CO2 equivalent,15578.25848,All greenhouse gases - (CO2 equivalent),Industry
1993,Member States,HU,Hungary,t CO2 equivalent,15837.62115,All greenhouse gases - (CO2 equivalent),Industry
1994,Member States,HU,Hungary,t CO2 equivalent,16682.23707,All greenhouse gases - (CO2 equivalent),Industry
1995,Member States,HU,Hungary,t CO2 equivalent,16224.89905,All greenhouse gases - (CO2 equivalent),Industry
1996,Member States,HU,Hungary,t CO2 equivalent,16816.51276,All greenhouse gases - (CO2 equivalent),Industry
1997,Member States,HU,Hungary,t CO2 equivalent,14025.89123,All greenhouse gases - (CO2 equivalent),Industry
1998,Member States,HU,Hungary,t CO2 equivalent,12835.79486,All greenhouse gases - (CO2 equivalent),Industry
1999,Member States,HU,Hungary,t CO2 equivalent,12373.14031,All greenhouse gases - (CO2 equivalent),Industry
2000,Member States,HU,Hungary,t CO2 equivalent,12522.26474,All greenhouse gases - (CO2 equivalent),Industry
2001,Member States,HU,Hungary,t CO2 equivalent,12776.07913,All greenhouse gases - (CO2 equivalent),Industry
2002,Member States,HU,Hungary,t CO2 equivalent,12290.21492,All greenhouse gases - (CO2 equivalent),Industry
2003,Member States,HU,Hungary,t CO2 equivalent,12191.71452,All greenhouse gases - (CO2 equivalent),Industry
2004,Member States,HU,Hungary,t CO2 equivalent,12681.81625,All greenhouse gases - (CO2 equivalent),Industry
2005,Member States,HU,Hungary,t CO2 equivalent,13433.51929,All greenhouse gases - (CO2 equivalent),Industry
2006,Member States,HU,Hungary,t CO2 equivalent,12884.89382,All greenhouse gases - (CO2 equivalent),Industry
2007,Member States,HU,Hungary,t CO2 equivalent,12744.89014,All greenhouse gases - (CO2 equivalent),Industry
2008,Member States,HU,Hungary,t CO2 equivalent,11613.03049,All greenhouse gases - (CO2 equivalent),Industry
2009,Member States,HU,Hungary,t CO2 equivalent,9408.244404,All greenhouse gases - (CO2 equivalent),Industry
2010,Member States,HU,Hungary,t CO2 equivalent,9764.08185,All greenhouse gases - (CO2 equivalent),Industry
2011,Member States,HU,Hungary,t CO2 equivalent,9984.042235,All greenhouse gases - (CO2 equivalent),Industry
2012,Member States,HU,Hungary,t CO2 equivalent,9203.062699,All greenhouse gases - (CO2 equivalent),Industry
2013,Member States,HU,Hungary,t CO2 equivalent,9511.863336,All greenhouse gases - (CO2 equivalent),Industry
2014,Member States,HU,Hungary,t CO2 equivalent,10312.94489,All greenhouse gases - (CO2 equivalent),Industry
2015,Member States,HU,Hungary,t CO2 equivalent,11132.8152,All greenhouse gases - (CO2 equivalent),Industry
2016,Member States,HU,Hungary,t CO2 equivalent,11156.34581,All greenhouse gases - (CO2 equivalent),Industry
2017,Member States,HU,Hungary,t CO2 equivalent,12153.75161,All greenhouse gases - (CO2 equivalent),Industry
2018,Member States,HU,Hungary,t CO2 equivalent,12667.69273,All greenhouse gases - (CO2 equivalent),Industry
2019,Member States,HU,Hungary,t CO2 equivalent,12490.23177,All greenhouse gases - (CO2 equivalent),Industry
2020,Member States,HU,Hungary,t CO2 equivalent,12323.24894,All greenhouse gases - (CO2 equivalent),Industry
2021,Member States,HU,Hungary,t CO2 equivalent,12360.55079,All greenhouse gases - (CO2 equivalent),Industry
1990,Member States,HR,Croatia,t CO2 equivalent,9637.251097,All greenhouse gases - (CO2 equivalent),Industry
1991,Member States,HR,Croatia,t CO2 equivalent,7113.173998,All greenhouse gases - (CO2 equivalent),Industry
1992,Member States,HR,Croatia,t CO2 equivalent,5871.693967,All greenhouse gases - (CO2 equivalent),Industry
1993,Member States,HR,Croatia,t CO2 equivalent,5198.34611,All greenhouse gases - (CO2 equivalent),Industry
1994,Member States,HR,Croatia,t CO2 equivalent,5592.103863,All greenhouse gases - (CO2 equivalent),Industry
1995,Member States,HR,Croatia,t CO2 equivalent,5210.525983,All greenhouse gases - (CO2 equivalent),Industry
1996,Member States,HR,Croatia,t CO2 equivalent,5167.960783,All greenhouse gases - (CO2 equivalent),Industry
1997,Member States,HR,Croatia,t CO2 equivalent,5578.013368,All greenhouse gases - (CO2 equivalent),Industry
1998,Member States,HR,Croatia,t CO2 equivalent,5325.43156,All greenhouse gases - (CO2 equivalent),Industry
1999,Member States,HR,Croatia,t CO2 equivalent,5568.15363,All greenhouse gases - (CO2 equivalent),Industry
2000,Member States,HR,Croatia,t CO2 equivalent,6027.160242,All greenhouse gases - (CO2 equivalent),Industry
2001,Member States,HR,Croatia,t CO2 equivalent,6162.18285,All greenhouse gases - (CO2 equivalent),Industry
2002,Member States,HR,Croatia,t CO2 equivalent,5994.628089,All greenhouse gases - (CO2 equivalent),Industry
2003,Member States,HR,Croatia,t CO2 equivalent,6107.044672,All greenhouse gases - (CO2 equivalent),Industry
2004,Member States,HR,Croatia,t CO2 equivalent,6892.432707,All greenhouse gases - (CO2 equivalent),Industry
2005,Member States,HR,Croatia,t CO2 equivalent,7139.139271,All greenhouse gases - (CO2 equivalent),Industry
2006,Member States,HR,Croatia,t CO2 equivalent,7454.546269,All greenhouse gases - (CO2 equivalent),Industry
2007,Member States,HR,Croatia,t CO2 equivalent,7657.213719,All greenhouse gases - (CO2 equivalent),Industry
2008,Member States,HR,Croatia,t CO2 equivalent,7649.077112,All greenhouse gases - (CO2 equivalent),Industry
2009,Member States,HR,Croatia,t CO2 equivalent,6295.853226,All greenhouse gases - (CO2 equivalent),Industry
2010,Member States,HR,Croatia,t CO2 equivalent,6438.269388,All greenhouse gases - (CO2 equivalent),Industry
2011,Member States,HR,Croatia,t CO2 equivalent,6077.847185,All greenhouse gases - (CO2 equivalent),Industry
2012,Member States,HR,Croatia,t CO2 equivalent,5493.115527,All greenhouse gases - (CO2 equivalent),Industry
2013,Member States,HR,Croatia,t CO2 equivalent,5271.956767,All greenhouse gases - (CO2 equivalent),Industry
2014,Member States,HR,Croatia,t CO2 equivalent,5442.553505,All greenhouse gases - (CO2 equivalent),Industry
2015,Member States,HR,Croatia,t CO2 equivalent,5437.066202,All greenhouse gases - (CO2 equivalent),Industry
2016,Member States,HR,Croatia,t CO2 equivalent,5265.670561,All greenhouse gases - (CO2 equivalent),Industry
2017,Member States,HR,Croatia,t CO2 equivalent,5845.702285,All greenhouse gases - (CO2 equivalent),Industry
2018,Member States,HR,Croatia,t CO2 equivalent,5805.055635,All greenhouse gases - (CO2 equivalent),Industry
2019,Member States,HR,Croatia,t CO2 equivalent,5988.399378,All greenhouse gases - (CO2 equivalent),Industry
2020,Member States,HR,Croatia,t CO2 equivalent,6040.028879,All greenhouse gases - (CO2 equivalent),Industry
2021,Member States,HR,Croatia,t CO2 equivalent,6026.287711,All greenhouse gases - (CO2 equivalent),Industry
1990,Member States,GR,Greece,t CO2 equivalent,20333.91273,All greenhouse gases - (CO2 equivalent),Industry
1991,Member States,GR,Greece,t CO2 equivalent,20305.02895,All greenhouse gases - (CO2 equivalent),Industry
1992,Member States,GR,Greece,t CO2 equivalent,19428.33894,All greenhouse gases - (CO2 equivalent),Industry
1993,Member States,GR,Greece,t CO2 equivalent,19463.04367,All greenhouse gases - (CO2 equivalent),Industry
1994,Member States,GR,Greece,t CO2 equivalent,19800.98794,All greenhouse gases - (CO2 equivalent),Industry
1995,Member States,GR,Greece,t CO2 equivalent,22366.64903,All greenhouse gases - (CO2 equivalent),Industry
1996,Member States,GR,Greece,t CO2 equivalent,23634.11136,All greenhouse gases - (CO2 equivalent),Industry
1997,Member States,GR,Greece,t CO2 equivalent,24180.4399,All greenhouse gases - (CO2 equivalent),Industry
1998,Member States,GR,Greece,t CO2 equivalent,24776.92768,All greenhouse gases - (CO2 equivalent),Industry
1999,Member States,GR,Greece,t CO2 equivalent,24452.80875,All greenhouse gases - (CO2 equivalent),Industry
2000,Member States,GR,Greece,t CO2 equivalent,24208.21407,All greenhouse gases - (CO2 equivalent),Industry
2001,Member States,GR,Greece,t CO2 equivalent,23847.68223,All greenhouse gases - (CO2 equivalent),Industry
2002,Member States,GR,Greece,t CO2 equivalent,23475.7637,All greenhouse gases - (CO2 equivalent),Industry
2003,Member States,GR,Greece,t CO2 equivalent,23006.48179,All greenhouse gases - (CO2 equivalent),Industry
2004,Member States,GR,Greece,t CO2 equivalent,22680.34321,All greenhouse gases - (CO2 equivalent),Industry
2005,Member States,GR,Greece,t CO2 equivalent,25002.82103,All greenhouse gases - (CO2 equivalent),Industry
2006,Member States,GR,Greece,t CO2 equivalent,22988.10186,All greenhouse gases - (CO2 equivalent),Industry
2007,Member States,GR,Greece,t CO2 equivalent,22976.34209,All greenhouse gases - (CO2 equivalent),Industry
2008,Member States,GR,Greece,t CO2 equivalent,22138.27268,All greenhouse gases - (CO2 equivalent),Industry
2009,Member States,GR,Greece,t CO2 equivalent,18505.33007,All greenhouse gases - (CO2 equivalent),Industry
2010,Member States,GR,Greece,t CO2 equivalent,18325.68493,All greenhouse gases - (CO2 equivalent),Industry
2011,Member States,GR,Greece,t CO2 equivalent,15022.77172,All greenhouse gases - (CO2 equivalent),Industry
2012,Member States,GR,Greece,t CO2 equivalent,16376.0756,All greenhouse gases - (CO2 equivalent),Industry
2013,Member States,GR,Greece,t CO2 equivalent,16854.34121,All greenhouse gases - (CO2 equivalent),Industry
2014,Member States,GR,Greece,t CO2 equivalent,17404.29588,All greenhouse gases - (CO2 equivalent),Industry
2015,Member States,GR,Greece,t CO2 equivalent,16822.9027,All greenhouse gases - (CO2 equivalent),Industry
2016,Member States,GR,Greece,t CO2 equivalent,17444.25879,All greenhouse gases - (CO2 equivalent),Industry
2017,Member States,GR,Greece,t CO2 equivalent,18165.06619,All greenhouse gases - (CO2 equivalent),Industry
2018,Member States,GR,Greece,t CO2 equivalent,17113.25601,All greenhouse gases - (CO2 equivalent),Industry
2019,Member States,GR,Greece,t CO2 equivalent,15962.80771,All greenhouse gases - (CO2 equivalent),Industry
2020,Member States,GR,Greece,t CO2 equivalent,14609.59831,All greenhouse gases - (CO2 equivalent),Industry
2021,Member States,GR,Greece,t CO2 equivalent,14817.18761,All greenhouse gases - (CO2 equivalent),Industry
1990,Member States,FR,France,t CO2 equivalent,138879.8253,All greenhouse gases - (CO2 equivalent),Industry
1991,Member States,FR,France,t CO2 equivalent,151413.8253,All greenhouse gases - (CO2 equivalent),Industry
1992,Member States,FR,France,t CO2 equivalent,139415.2648,All greenhouse gases - (CO2 equivalent),Industry
1993,Member States,FR,France,t CO2 equivalent,134303.9079,All greenhouse gases - (CO2 equivalent),Industry
1994,Member States,FR,France,t CO2 equivalent,135490.8396,All greenhouse gases - (CO2 equivalent),Industry
1995,Member States,FR,France,t CO2 equivalent,136557.7804,All greenhouse gases - (CO2 equivalent),Industry
1996,Member States,FR,France,t CO2 equivalent,139597.6268,All greenhouse gases - (CO2 equivalent),Industry
1997,Member States,FR,France,t CO2 equivalent,138950.2525,All greenhouse gases - (CO2 equivalent),Industry
1998,Member States,FR,France,t CO2 equivalent,133412.7728,All greenhouse gases - (CO2 equivalent),Industry
1999,Member States,FR,France,t CO2 equivalent,130985.1877,All greenhouse gases - (CO2 equivalent),Industry
2000,Member States,FR,France,t CO2 equivalent,128665.4189,All greenhouse gases - (CO2 equivalent),Industry
2001,Member States,FR,France,t CO2 equivalent,132834.6618,All greenhouse gases - (CO2 equivalent),Industry
2002,Member States,FR,France,t CO2 equivalent,129790.8623,All greenhouse gases - (CO2 equivalent),Industry
2003,Member States,FR,France,t CO2 equivalent,129610.2005,All greenhouse gases - (CO2 equivalent),Industry
2004,Member States,FR,France,t CO2 equivalent,125392.996,All greenhouse gases - (CO2 equivalent),Industry
2005,Member States,FR,France,t CO2 equivalent,126903.0274,All greenhouse gases - (CO2 equivalent),Industry
2006,Member States,FR,France,t CO2 equivalent,127163.4604,All greenhouse gases - (CO2 equivalent),Industry
2007,Member States,FR,France,t CO2 equivalent,127068.0632,All greenhouse gases - (CO2 equivalent),Industry
2008,Member States,FR,France,t CO2 equivalent,120795.2707,All greenhouse gases - (CO2 equivalent),Industry
2009,Member States,FR,France,t CO2 equivalent,101850.5037,All greenhouse gases - (CO2 equivalent),Industry
2010,Member States,FR,France,t CO2 equivalent,108326.5713,All greenhouse gases - (CO2 equivalent),Industry
2011,Member States,FR,France,t CO2 equivalent,104239.1311,All greenhouse gases - (CO2 equivalent),Industry
2012,Member States,FR,France,t CO2 equivalent,100896.8903,All greenhouse gases - (CO2 equivalent),Industry
2013,Member States,FR,France,t CO2 equivalent,102029.9633,All greenhouse gases - (CO2 equivalent),Industry
2014,Member States,FR,France,t CO2 equivalent,99254.95295,All greenhouse gases - (CO2 equivalent),Industry
2015,Member States,FR,France,t CO2 equivalent,96826.27531,All greenhouse gases - (CO2 equivalent),Industry
2016,Member States,FR,France,t CO2 equivalent,96128.26839,All greenhouse gases - (CO2 equivalent),Industry
2017,Member States,FR,France,t CO2 equivalent,95270.00714,All greenhouse gases - (CO2 equivalent),Industry
2018,Member States,FR,France,t CO2 equivalent,94084.23697,All greenhouse gases - (CO2 equivalent),Industry
2019,Member States,FR,France,t CO2 equivalent,89466.77371,All greenhouse gases - (CO2 equivalent),Industry
2020,Member States,FR,France,t CO2 equivalent,80773.3146,All greenhouse gases - (CO2 equivalent),Industry
2021,Member States,FR,France,t CO2 equivalent,85666.72323,All greenhouse gases - (CO2 equivalent),Industry
1990,Member States,FI,Finland,t CO2 equivalent,18574.56463,All greenhouse gases - (CO2 equivalent),Industry
1991,Member States,FI,Finland,t CO2 equivalent,17687.08121,All greenhouse gases - (CO2 equivalent),Industry
1992,Member States,FI,Finland,t CO2 equivalent,16897.49298,All greenhouse gases - (CO2 equivalent),Industry
1993,Member States,FI,Finland,t CO2 equivalent,17006.11894,All greenhouse gases - (CO2 equivalent),Industry
1994,Member States,FI,Finland,t CO2 equivalent,17608.03453,All greenhouse gases - (CO2 equivalent),Industry
1995,Member States,FI,Finland,t CO2 equivalent,17053.95114,All greenhouse gases - (CO2 equivalent),Industry
1996,Member States,FI,Finland,t CO2 equivalent,17160.40904,All greenhouse gases - (CO2 equivalent),Industry
1997,Member States,FI,Finland,t CO2 equivalent,17740.29584,All greenhouse gases - (CO2 equivalent),Industry
1998,Member States,FI,Finland,t CO2 equivalent,17408.56348,All greenhouse gases - (CO2 equivalent),Industry
1999,Member States,FI,Finland,t CO2 equivalent,17530.55129,All greenhouse gases - (CO2 equivalent),Industry
2000,Member States,FI,Finland,t CO2 equivalent,17731.88092,All greenhouse gases - (CO2 equivalent),Industry
2001,Member States,FI,Finland,t CO2 equivalent,17362.82392,All greenhouse gases - (CO2 equivalent),Industry
2002,Member States,FI,Finland,t CO2 equivalent,17085.83407,All greenhouse gases - (CO2 equivalent),Industry
2003,Member States,FI,Finland,t CO2 equivalent,17812.76342,All greenhouse gases - (CO2 equivalent),Industry
2004,Member States,FI,Finland,t CO2 equivalent,18228.47263,All greenhouse gases - (CO2 equivalent),Industry
2005,Member States,FI,Finland,t CO2 equivalent,17902.46295,All greenhouse gases - (CO2 equivalent),Industry
2006,Member States,FI,Finland,t CO2 equivalent,18420.7713,All greenhouse gases - (CO2 equivalent),Industry
2007,Member States,FI,Finland,t CO2 equivalent,18709.84367,All greenhouse gases - (CO2 equivalent),Industry
2008,Member States,FI,Finland,t CO2 equivalent,18389.73115,All greenhouse gases - (CO2 equivalent),Industry
2009,Member States,FI,Finland,t CO2 equivalent,14630.42626,All greenhouse gases - (CO2 equivalent),Industry
2010,Member States,FI,Finland,t CO2 equivalent,16126.76642,All greenhouse gases - (CO2 equivalent),Industry
2011,Member States,FI,Finland,t CO2 equivalent,15674.62912,All greenhouse gases - (CO2 equivalent),Industry
2012,Member States,FI,Finland,t CO2 equivalent,14283.01563,All greenhouse gases - (CO2 equivalent),Industry
2013,Member States,FI,Finland,t CO2 equivalent,14113.68387,All greenhouse gases - (CO2 equivalent),Industry
2014,Member States,FI,Finland,t CO2 equivalent,12545.96211,All greenhouse gases - (CO2 equivalent),Industry
2015,Member States,FI,Finland,t CO2 equivalent,12369.66729,All greenhouse gases - (CO2 equivalent),Industry
2016,Member States,FI,Finland,t CO2 equivalent,12646.37816,All greenhouse gases - (CO2 equivalent),Industry
2017,Member States,FI,Finland,t CO2 equivalent,12313.73683,All greenhouse gases - (CO2 equivalent),Industry
2018,Member States,FI,Finland,t CO2 equivalent,12455.39735,All greenhouse gases - (CO2 equivalent),Industry
2019,Member States,FI,Finland,t CO2 equivalent,11907.4399,All greenhouse gases - (CO2 equivalent),Industry
2020,Member States,FI,Finland,t CO2 equivalent,11304.31618,All greenhouse gases - (CO2 equivalent),Industry
2021,Member States,FI,Finland,t CO2 equivalent,11755.46373,All greenhouse gases - (CO2 equivalent),Industry
1990,Member States,ES,Spain,t CO2 equivalent,73164.7965,All greenhouse gases - (CO2 equivalent),Industry
1991,Member States,ES,Spain,t CO2 equivalent,76221.75453,All greenhouse gases - (CO2 equivalent),Industry
1992,Member States,ES,Spain,t CO2 equivalent,72828.46312,All greenhouse gases - (CO2 equivalent),Industry
1993,Member States,ES,Spain,t CO2 equivalent,70735.08271,All greenhouse gases - (CO2 equivalent),Industry
1994,Member States,ES,Spain,t CO2 equivalent,80150.35183,All greenhouse gases - (CO2 equivalent),Industry
1995,Member States,ES,Spain,t CO2 equivalent,89465.31653,All greenhouse gases - (CO2 equivalent),Industry
1996,Member States,ES,Spain,t CO2 equivalent,85230.15196,All greenhouse gases - (CO2 equivalent),Industry
1997,Member States,ES,Spain,t CO2 equivalent,86690.54084,All greenhouse gases - (CO2 equivalent),Industry
1998,Member States,ES,Spain,t CO2 equivalent,88505.89706,All greenhouse gases - (CO2 equivalent),Industry
1999,Member States,ES,Spain,t CO2 equivalent,93116.59471,All greenhouse gases - (CO2 equivalent),Industry
2000,Member States,ES,Spain,t CO2 equivalent,98201.12479,All greenhouse gases - (CO2 equivalent),Industry
2001,Member States,ES,Spain,t CO2 equivalent,98173.5963,All greenhouse gases - (CO2 equivalent),Industry
2002,Member States,ES,Spain,t CO2 equivalent,100516.8181,All greenhouse gases - (CO2 equivalent),Industry
2003,Member States,ES,Spain,t CO2 equivalent,107944.5338,All greenhouse gases - (CO2 equivalent),Industry
2004,Member States,ES,Spain,t CO2 equivalent,109062.3122,All greenhouse gases - (CO2 equivalent),Industry
2005,Member States,ES,Spain,t CO2 equivalent,112988.7335,All greenhouse gases - (CO2 equivalent),Industry
2006,Member States,ES,Spain,t CO2 equivalent,105579.9875,All greenhouse gases - (CO2 equivalent),Industry
2007,Member States,ES,Spain,t CO2 equivalent,109160.142,All greenhouse gases - (CO2 equivalent),Industry
2008,Member States,ES,Spain,t CO2 equivalent,102694.0504,All greenhouse gases - (CO2 equivalent),Industry
2009,Member States,ES,Spain,t CO2 equivalent,86052.98498,All greenhouse gases - (CO2 equivalent),Industry
2010,Member States,ES,Spain,t CO2 equivalent,88939.27107,All greenhouse gases - (CO2 equivalent),Industry
2011,Member States,ES,Spain,t CO2 equivalent,83184.37858,All greenhouse gases - (CO2 equivalent),Industry
2012,Member States,ES,Spain,t CO2 equivalent,80415.39688,All greenhouse gases - (CO2 equivalent),Industry
2013,Member States,ES,Spain,t CO2 equivalent,76156.52819,All greenhouse gases - (CO2 equivalent),Industry
2014,Member States,ES,Spain,t CO2 equivalent,75157.75117,All greenhouse gases - (CO2 equivalent),Industry
2015,Member States,ES,Spain,t CO2 equivalent,72311.50952,All greenhouse gases - (CO2 equivalent),Industry
2016,Member States,ES,Spain,t CO2 equivalent,73816.83607,All greenhouse gases - (CO2 equivalent),Industry
2017,Member States,ES,Spain,t CO2 equivalent,73255.16523,All greenhouse gases - (CO2 equivalent),Industry
2018,Member States,ES,Spain,t CO2 equivalent,74090.43088,All greenhouse gases - (CO2 equivalent),Industry
2019,Member States,ES,Spain,t CO2 equivalent,72266.59225,All greenhouse gases - (CO2 equivalent),Industry
2020,Member States,ES,Spain,t CO2 equivalent,66511.02223,All greenhouse gases - (CO2 equivalent),Industry
2021,Member States,ES,Spain,t CO2 equivalent,70823.37125,All greenhouse gases - (CO2 equivalent),Industry
1990,Member States,EE,Estonia,t CO2 equivalent,4437.238788,All greenhouse gases - (CO2 equivalent),Industry
1991,Member States,EE,Estonia,t CO2 equivalent,4323.693735,All greenhouse gases - (CO2 equivalent),Industry
1992,Member States,EE,Estonia,t CO2 equivalent,2525.820883,All greenhouse gases - (CO2 equivalent),Industry
1993,Member States,EE,Estonia,t CO2 equivalent,2166.207729,All greenhouse gases - (CO2 equivalent),Industry
1994,Member States,EE,Estonia,t CO2 equivalent,2136.922553,All greenhouse gases - (CO2 equivalent),Industry
1995,Member States,EE,Estonia,t CO2 equivalent,2136.493359,All greenhouse gases - (CO2 equivalent),Industry
1996,Member States,EE,Estonia,t CO2 equivalent,2237.43863,All greenhouse gases - (CO2 equivalent),Industry
1997,Member States,EE,Estonia,t CO2 equivalent,2045.415178,All greenhouse gases - (CO2 equivalent),Industry
1998,Member States,EE,Estonia,t CO2 equivalent,1962.718394,All greenhouse gases - (CO2 equivalent),Industry
1999,Member States,EE,Estonia,t CO2 equivalent,1548.972031,All greenhouse gases - (CO2 equivalent),Industry
2000,Member States,EE,Estonia,t CO2 equivalent,1603.563605,All greenhouse gases - (CO2 equivalent),Industry
2001,Member States,EE,Estonia,t CO2 equivalent,1838.699608,All greenhouse gases - (CO2 equivalent),Industry
2002,Member States,EE,Estonia,t CO2 equivalent,1361.999139,All greenhouse gases - (CO2 equivalent),Industry
2003,Member States,EE,Estonia,t CO2 equivalent,1546.817665,All greenhouse gases - (CO2 equivalent),Industry
2004,Member States,EE,Estonia,t CO2 equivalent,1731.582716,All greenhouse gases - (CO2 equivalent),Industry
2005,Member States,EE,Estonia,t CO2 equivalent,1756.946783,All greenhouse gases - (CO2 equivalent),Industry
2006,Member States,EE,Estonia,t CO2 equivalent,1792.261383,All greenhouse gases - (CO2 equivalent),Industry
2007,Member States,EE,Estonia,t CO2 equivalent,2270.859555,All greenhouse gases - (CO2 equivalent),Industry
2008,Member States,EE,Estonia,t CO2 equivalent,2175.492857,All greenhouse gases - (CO2 equivalent),Industry
2009,Member States,EE,Estonia,t CO2 equivalent,1239.269868,All greenhouse gases - (CO2 equivalent),Industry
2010,Member States,EE,Estonia,t CO2 equivalent,1326.619682,All greenhouse gases - (CO2 equivalent),Industry
2011,Member States,EE,Estonia,t CO2 equivalent,1574.637996,All greenhouse gases - (CO2 equivalent),Industry
2012,Member States,EE,Estonia,t CO2 equivalent,1818.619792,All greenhouse gases - (CO2 equivalent),Industry
2013,Member States,EE,Estonia,t CO2 equivalent,1943.873238,All greenhouse gases - (CO2 equivalent),Industry
2014,Member States,EE,Estonia,t CO2 equivalent,1582.488098,All greenhouse gases - (CO2 equivalent),Industry
2015,Member States,EE,Estonia,t CO2 equivalent,1167.854699,All greenhouse gases - (CO2 equivalent),Industry
2016,Member States,EE,Estonia,t CO2 equivalent,1190.315105,All greenhouse gases - (CO2 equivalent),Industry
2017,Member States,EE,Estonia,t CO2 equivalent,1369.332724,All greenhouse gases - (CO2 equivalent),Industry
2018,Member States,EE,Estonia,t CO2 equivalent,1362.374756,All greenhouse gases - (CO2 equivalent),Industry
2019,Member States,EE,Estonia,t CO2 equivalent,1331.906118,All greenhouse gases - (CO2 equivalent),Industry
2020,Member States,EE,Estonia,t CO2 equivalent,802.0880876,All greenhouse gases - (CO2 equivalent),Industry
2021,Member States,EE,Estonia,t CO2 equivalent,694.7585215,All greenhouse gases - (CO2 equivalent),Industry
1990,Member States,DK,Denmark,t CO2 equivalent,7853.422783,All greenhouse gases - (CO2 equivalent),Industry
1991,Member States,DK,Denmark,t CO2 equivalent,8438.400055,All greenhouse gases - (CO2 equivalent),Industry
1992,Member States,DK,Denmark,t CO2 equivalent,8355.084064,All greenhouse gases - (CO2 equivalent),Industry
1993,Member States,DK,Denmark,t CO2 equivalent,8342.102524,All greenhouse gases - (CO2 equivalent),Industry
1994,Member States,DK,Denmark,t CO2 equivalent,8603.900521,All greenhouse gases - (CO2 equivalent),Industry
1995,Member States,DK,Denmark,t CO2 equivalent,8970.635741,All greenhouse gases - (CO2 equivalent),Industry
1996,Member States,DK,Denmark,t CO2 equivalent,9224.590153,All greenhouse gases - (CO2 equivalent),Industry
1997,Member States,DK,Denmark,t CO2 equivalent,9262.869767,All greenhouse gases - (CO2 equivalent),Industry
1998,Member States,DK,Denmark,t CO2 equivalent,9366.623393,All greenhouse gases - (CO2 equivalent),Industry
1999,Member States,DK,Denmark,t CO2 equivalent,9688.473181,All greenhouse gases - (CO2 equivalent),Industry
2000,Member States,DK,Denmark,t CO2 equivalent,9604.793207,All greenhouse gases - (CO2 equivalent),Industry
2001,Member States,DK,Denmark,t CO2 equivalent,9575.042927,All greenhouse gases - (CO2 equivalent),Industry
2002,Member States,DK,Denmark,t CO2 equivalent,9154.182491,All greenhouse gases - (CO2 equivalent),Industry
2003,Member States,DK,Denmark,t CO2 equivalent,9118.49913,All greenhouse gases - (CO2 equivalent),Industry
2004,Member States,DK,Denmark,t CO2 equivalent,9073.496212,All greenhouse gases - (CO2 equivalent),Industry
2005,Member States,DK,Denmark,t CO2 equivalent,8304.439865,All greenhouse gases - (CO2 equivalent),Industry
2006,Member States,DK,Denmark,t CO2 equivalent,8493.454401,All greenhouse gases - (CO2 equivalent),Industry
2007,Member States,DK,Denmark,t CO2 equivalent,8266.382778,All greenhouse gases - (CO2 equivalent),Industry
2008,Member States,DK,Denmark,t CO2 equivalent,7435.049864,All greenhouse gases - (CO2 equivalent),Industry
2009,Member States,DK,Denmark,t CO2 equivalent,6185.825053,All greenhouse gases - (CO2 equivalent),Industry
2010,Member States,DK,Denmark,t CO2 equivalent,6417.164188,All greenhouse gases - (CO2 equivalent),Industry
2011,Member States,DK,Denmark,t CO2 equivalent,6449.45245,All greenhouse gases - (CO2 equivalent),Industry
2012,Member States,DK,Denmark,t CO2 equivalent,6177.271456,All greenhouse gases - (CO2 equivalent),Industry
2013,Member States,DK,Denmark,t CO2 equivalent,5961.871722,All greenhouse gases - (CO2 equivalent),Industry
2014,Member States,DK,Denmark,t CO2 equivalent,5908.216434,All greenhouse gases - (CO2 equivalent),Industry
2015,Member States,DK,Denmark,t CO2 equivalent,5701.697385,All greenhouse gases - (CO2 equivalent),Industry
2016,Member States,DK,Denmark,t CO2 equivalent,6000.856255,All greenhouse gases - (CO2 equivalent),Industry
2017,Member States,DK,Denmark,t CO2 equivalent,6067.17945,All greenhouse gases - (CO2 equivalent),Industry
2018,Member States,DK,Denmark,t CO2 equivalent,6093.983057,All greenhouse gases - (CO2 equivalent),Industry
2019,Member States,DK,Denmark,t CO2 equivalent,5658.384633,All greenhouse gases - (CO2 equivalent),Industry
2020,Member States,DK,Denmark,t CO2 equivalent,5630.987083,All greenhouse gases - (CO2 equivalent),Industry
2021,Member States,DK,Denmark,t CO2 equivalent,5662.698955,All greenhouse gases - (CO2 equivalent),Industry
1990,Member States,DE,Germany,t CO2 equivalent,278900.0284,All greenhouse gases - (CO2 equivalent),Industry
1991,Member States,DE,Germany,t CO2 equivalent,253707.3688,All greenhouse gases - (CO2 equivalent),Industry
1992,Member States,DE,Germany,t CO2 equivalent,243068.4968,All greenhouse gases - (CO2 equivalent),Industry
1993,Member States,DE,Germany,t CO2 equivalent,233369.2303,All greenhouse gases - (CO2 equivalent),Industry
1994,Member States,DE,Germany,t CO2 equivalent,237147.8047,All greenhouse gases - (CO2 equivalent),Industry
1995,Member States,DE,Germany,t CO2 equivalent,238905.7705,All greenhouse gases - (CO2 equivalent),Industry
1996,Member States,DE,Germany,t CO2 equivalent,227760.9912,All greenhouse gases - (CO2 equivalent),Industry
1997,Member States,DE,Germany,t CO2 equivalent,232355.3264,All greenhouse gases - (CO2 equivalent),Industry
1998,Member States,DE,Germany,t CO2 equivalent,215347.7709,All greenhouse gases - (CO2 equivalent),Industry
1999,Member States,DE,Germany,t CO2 equivalent,205295.7876,All greenhouse gases - (CO2 equivalent),Industry
2000,Member States,DE,Germany,t CO2 equivalent,204885.5828,All greenhouse gases - (CO2 equivalent),Industry
2001,Member States,DE,Germany,t CO2 equivalent,194201.1102,All greenhouse gases - (CO2 equivalent),Industry
2002,Member States,DE,Germany,t CO2 equivalent,191924.3935,All greenhouse gases - (CO2 equivalent),Industry
2003,Member States,DE,Germany,t CO2 equivalent,192702.5393,All greenhouse gases - (CO2 equivalent),Industry
2004,Member States,DE,Germany,t CO2 equivalent,193529.9671,All greenhouse gases - (CO2 equivalent),Industry
2005,Member States,DE,Germany,t CO2 equivalent,187502.4516,All greenhouse gases - (CO2 equivalent),Industry
2006,Member States,DE,Germany,t CO2 equivalent,192546.7428,All greenhouse gases - (CO2 equivalent),Industry
2007,Member States,DE,Germany,t CO2 equivalent,201253.322,All greenhouse gases - (CO2 equivalent),Industry
2008,Member States,DE,Germany,t CO2 equivalent,197786.8887,All greenhouse gases - (CO2 equivalent),Industry
2009,Member States,DE,Germany,t CO2 equivalent,172737.5007,All greenhouse gases - (CO2 equivalent),Industry
2010,Member States,DE,Germany,t CO2 equivalent,186208.2703,All greenhouse gases - (CO2 equivalent),Industry
2011,Member States,DE,Germany,t CO2 equivalent,183262.0011,All greenhouse gases - (CO2 equivalent),Industry
2012,Member States,DE,Germany,t CO2 equivalent,177816.4677,All greenhouse gases - (CO2 equivalent),Industry
2013,Member States,DE,Germany,t CO2 equivalent,178334.9005,All greenhouse gases - (CO2 equivalent),Industry
2014,Member States,DE,Germany,t CO2 equivalent,178507.9415,All greenhouse gases - (CO2 equivalent),Industry
2015,Member States,DE,Germany,t CO2 equivalent,185920.712,All greenhouse gases - (CO2 equivalent),Industry
2016,Member States,DE,Germany,t CO2 equivalent,189943.3666,All greenhouse gases - (CO2 equivalent),Industry
2017,Member States,DE,Germany,t CO2 equivalent,195493.3807,All greenhouse gases - (CO2 equivalent),Industry
2018,Member States,DE,Germany,t CO2 equivalent,187608.4081,All greenhouse gases - (CO2 equivalent),Industry
2019,Member States,DE,Germany,t CO2 equivalent,181989.3192,All greenhouse gases - (CO2 equivalent),Industry
2020,Member States,DE,Germany,t CO2 equivalent,175698.0981,All greenhouse gases - (CO2 equivalent),Industry
2021,Member States,DE,Germany,t CO2 equivalent,183252.2003,All greenhouse gases - (CO2 equivalent),Industry
1990,Member States,CZ,Czechia,t CO2 equivalent,64220.32473,All greenhouse gases - (CO2 equivalent),Industry
1991,Member States,CZ,Czechia,t CO2 equivalent,53621.12571,All greenhouse gases - (CO2 equivalent),Industry
1992,Member States,CZ,Czechia,t CO2 equivalent,58412.69436,All greenhouse gases - (CO2 equivalent),Industry
1993,Member States,CZ,Czechia,t CO2 equivalent,50097.60538,All greenhouse gases - (CO2 equivalent),Industry
1994,Member States,CZ,Czechia,t CO2 equivalent,43788.4046,All greenhouse gases - (CO2 equivalent),Industry
1995,Member States,CZ,Czechia,t CO2 equivalent,38625.02692,All greenhouse gases - (CO2 equivalent),Industry
1996,Member States,CZ,Czechia,t CO2 equivalent,39205.72878,All greenhouse gases - (CO2 equivalent),Industry
1997,Member States,CZ,Czechia,t CO2 equivalent,40038.66417,All greenhouse gases - (CO2 equivalent),Industry
1998,Member States,CZ,Czechia,t CO2 equivalent,37839.44579,All greenhouse gases - (CO2 equivalent),Industry
1999,Member States,CZ,Czechia,t CO2 equivalent,32051.10308,All greenhouse gases - (CO2 equivalent),Industry
2000,Member States,CZ,Czechia,t CO2 equivalent,38559.00262,All greenhouse gases - (CO2 equivalent),Industry
2001,Member States,CZ,Czechia,t CO2 equivalent,35300.0701,All greenhouse gases - (CO2 equivalent),Industry
2002,Member States,CZ,Czechia,t CO2 equivalent,34188.64809,All greenhouse gases - (CO2 equivalent),Industry
2003,Member States,CZ,Czechia,t CO2 equivalent,35214.01887,All greenhouse gases - (CO2 equivalent),Industry
2004,Member States,CZ,Czechia,t CO2 equivalent,35805.1288,All greenhouse gases - (CO2 equivalent),Industry
2005,Member States,CZ,Czechia,t CO2 equivalent,33756.42906,All greenhouse gases - (CO2 equivalent),Industry
2006,Member States,CZ,Czechia,t CO2 equivalent,34593.38369,All greenhouse gases - (CO2 equivalent),Industry
2007,Member States,CZ,Czechia,t CO2 equivalent,33439.51911,All greenhouse gases - (CO2 equivalent),Industry
2008,Member States,CZ,Czechia,t CO2 equivalent,32750.6848,All greenhouse gases - (CO2 equivalent),Industry
2009,Member States,CZ,Czechia,t CO2 equivalent,29813.45934,All greenhouse gases - (CO2 equivalent),Industry
2010,Member States,CZ,Czechia,t CO2 equivalent,26992.56868,All greenhouse gases - (CO2 equivalent),Industry
2011,Member States,CZ,Czechia,t CO2 equivalent,26360.764,All greenhouse gases - (CO2 equivalent),Industry
2012,Member States,CZ,Czechia,t CO2 equivalent,25774.03418,All greenhouse gases - (CO2 equivalent),Industry
2013,Member States,CZ,Czechia,t CO2 equivalent,25110.33898,All greenhouse gases - (CO2 equivalent),Industry
2014,Member States,CZ,Czechia,t CO2 equivalent,25358.06219,All greenhouse gases - (CO2 equivalent),Industry
2015,Member States,CZ,Czechia,t CO2 equivalent,25225.28111,All greenhouse gases - (CO2 equivalent),Industry
2016,Member States,CZ,Czechia,t CO2 equivalent,25048.01138,All greenhouse gases - (CO2 equivalent),Industry
2017,Member States,CZ,Czechia,t CO2 equivalent,26155.41852,All greenhouse gases - (CO2 equivalent),Industry
2018,Member States,CZ,Czechia,t CO2 equivalent,26458.64352,All greenhouse gases - (CO2 equivalent),Industry
2019,Member States,CZ,Czechia,t CO2 equivalent,25318.30057,All greenhouse gases - (CO2 equivalent),Industry
2020,Member States,CZ,Czechia,t CO2 equivalent,25029.92716,All greenhouse gases - (CO2 equivalent),Industry
2021,Member States,CZ,Czechia,t CO2 equivalent,29065.68033,All greenhouse gases - (CO2 equivalent),Industry
1990,Member States,CY,Cyprus,t CO2 equivalent,1232.750895,All greenhouse gases - (CO2 equivalent),Industry
1991,Member States,CY,Cyprus,t CO2 equivalent,1619.053422,All greenhouse gases - (CO2 equivalent),Industry
1992,Member States,CY,Cyprus,t CO2 equivalent,1477.811836,All greenhouse gases - (CO2 equivalent),Industry
1993,Member States,CY,Cyprus,t CO2 equivalent,1590.696512,All greenhouse gases - (CO2 equivalent),Industry
1994,Member States,CY,Cyprus,t CO2 equivalent,1640.619377,All greenhouse gases - (CO2 equivalent),Industry
1995,Member States,CY,Cyprus,t CO2 equivalent,1597.684174,All greenhouse gases - (CO2 equivalent),Industry
1996,Member States,CY,Cyprus,t CO2 equivalent,1762.944502,All greenhouse gases - (CO2 equivalent),Industry
1997,Member States,CY,Cyprus,t CO2 equivalent,1634.030018,All greenhouse gases - (CO2 equivalent),Industry
1998,Member States,CY,Cyprus,t CO2 equivalent,1601.637441,All greenhouse gases - (CO2 equivalent),Industry
1999,Member States,CY,Cyprus,t CO2 equivalent,1639.806091,All greenhouse gases - (CO2 equivalent),Industry
2000,Member States,CY,Cyprus,t CO2 equivalent,1685.539091,All greenhouse gases - (CO2 equivalent),Industry
2001,Member States,CY,Cyprus,t CO2 equivalent,1624.56158,All greenhouse gases - (CO2 equivalent),Industry
2002,Member States,CY,Cyprus,t CO2 equivalent,1678.858748,All greenhouse gases - (CO2 equivalent),Industry
2003,Member States,CY,Cyprus,t CO2 equivalent,1720.951797,All greenhouse gases - (CO2 equivalent),Industry
2004,Member States,CY,Cyprus,t CO2 equivalent,1881.405452,All greenhouse gases - (CO2 equivalent),Industry
2005,Member States,CY,Cyprus,t CO2 equivalent,1915.041052,All greenhouse gases - (CO2 equivalent),Industry
2006,Member States,CY,Cyprus,t CO2 equivalent,1931.884031,All greenhouse gases - (CO2 equivalent),Industry
2007,Member States,CY,Cyprus,t CO2 equivalent,2001.949585,All greenhouse gases - (CO2 equivalent),Industry
2008,Member States,CY,Cyprus,t CO2 equivalent,2001.300514,All greenhouse gases - (CO2 equivalent),Industry
2009,Member States,CY,Cyprus,t CO2 equivalent,1733.230696,All greenhouse gases - (CO2 equivalent),Industry
2010,Member States,CY,Cyprus,t CO2 equivalent,1510.739525,All greenhouse gases - (CO2 equivalent),Industry
2011,Member States,CY,Cyprus,t CO2 equivalent,1386.614817,All greenhouse gases - (CO2 equivalent),Industry
2012,Member States,CY,Cyprus,t CO2 equivalent,1232.993294,All greenhouse gases - (CO2 equivalent),Industry
2013,Member States,CY,Cyprus,t CO2 equivalent,1554.685877,All greenhouse gases - (CO2 equivalent),Industry
2014,Member States,CY,Cyprus,t CO2 equivalent,1939.509696,All greenhouse gases - (CO2 equivalent),Industry
2015,Member States,CY,Cyprus,t CO2 equivalent,1763.294974,All greenhouse gases - (CO2 equivalent),Industry
2016,Member States,CY,Cyprus,t CO2 equivalent,1787.180185,All greenhouse gases - (CO2 equivalent),Industry
2017,Member States,CY,Cyprus,t CO2 equivalent,1871.503141,All greenhouse gases - (CO2 equivalent),Industry
2018,Member States,CY,Cyprus,t CO2 equivalent,1756.933718,All greenhouse gases - (CO2 equivalent),Industry
2019,Member States,CY,Cyprus,t CO2 equivalent,1739.11229,All greenhouse gases - (CO2 equivalent),Industry
2020,Member States,CY,Cyprus,t CO2 equivalent,1828.988065,All greenhouse gases - (CO2 equivalent),Industry
2021,Member States,CY,Cyprus,t CO2 equivalent,1808.428283,All greenhouse gases - (CO2 equivalent),Industry
1990,Member States,BG,Bulgaria,t CO2 equivalent,27570.45976,All greenhouse gases - (CO2 equivalent),Industry
1991,Member States,BG,Bulgaria,t CO2 equivalent,23410.05786,All greenhouse gases - (CO2 equivalent),Industry
1992,Member States,BG,Bulgaria,t CO2 equivalent,19869.80861,All greenhouse gases - (CO2 equivalent),Industry
1993,Member States,BG,Bulgaria,t CO2 equivalent,19098.15419,All greenhouse gases - (CO2 equivalent),Industry
1994,Member States,BG,Bulgaria,t CO2 equivalent,20762.53616,All greenhouse gases - (CO2 equivalent),Industry
1995,Member States,BG,Bulgaria,t CO2 equivalent,23353.01377,All greenhouse gases - (CO2 equivalent),Industry
1996,Member States,BG,Bulgaria,t CO2 equivalent,23530.33489,All greenhouse gases - (CO2 equivalent),Industry
1997,Member States,BG,Bulgaria,t CO2 equivalent,19814.13119,All greenhouse gases - (CO2 equivalent),Industry
1998,Member States,BG,Bulgaria,t CO2 equivalent,16894.88295,All greenhouse gases - (CO2 equivalent),Industry
1999,Member States,BG,Bulgaria,t CO2 equivalent,14073.2417,All greenhouse gases - (CO2 equivalent),Industry
2000,Member States,BG,Bulgaria,t CO2 equivalent,14291.06357,All greenhouse gases - (CO2 equivalent),Industry
2001,Member States,BG,Bulgaria,t CO2 equivalent,14196.23932,All greenhouse gases - (CO2 equivalent),Industry
2002,Member States,BG,Bulgaria,t CO2 equivalent,13399.88268,All greenhouse gases - (CO2 equivalent),Industry
2003,Member States,BG,Bulgaria,t CO2 equivalent,15094.90219,All greenhouse gases - (CO2 equivalent),Industry
2004,Member States,BG,Bulgaria,t CO2 equivalent,14394.89422,All greenhouse gases - (CO2 equivalent),Industry
2005,Member States,BG,Bulgaria,t CO2 equivalent,14589.14722,All greenhouse gases - (CO2 equivalent),Industry
2006,Member States,BG,Bulgaria,t CO2 equivalent,14522.6175,All greenhouse gases - (CO2 equivalent),Industry
2007,Member States,BG,Bulgaria,t CO2 equivalent,15622.97746,All greenhouse gases - (CO2 equivalent),Industry
2008,Member States,BG,Bulgaria,t CO2 equivalent,12381.85959,All greenhouse gases - (CO2 equivalent),Industry
2009,Member States,BG,Bulgaria,t CO2 equivalent,6970.835237,All greenhouse gases - (CO2 equivalent),Industry
2010,Member States,BG,Bulgaria,t CO2 equivalent,7245.75106,All greenhouse gases - (CO2 equivalent),Industry
2011,Member States,BG,Bulgaria,t CO2 equivalent,7382.968807,All greenhouse gases - (CO2 equivalent),Industry
2012,Member States,BG,Bulgaria,t CO2 equivalent,6970.785732,All greenhouse gases - (CO2 equivalent),Industry
2013,Member States,BG,Bulgaria,t CO2 equivalent,7056.931313,All greenhouse gases - (CO2 equivalent),Industry
2014,Member States,BG,Bulgaria,t CO2 equivalent,7389.673683,All greenhouse gases - (CO2 equivalent),Industry
2015,Member States,BG,Bulgaria,t CO2 equivalent,8005.655521,All greenhouse gases - (CO2 equivalent),Industry
2016,Member States,BG,Bulgaria,t CO2 equivalent,8248.329061,All greenhouse gases - (CO2 equivalent),Industry
2017,Member States,BG,Bulgaria,t CO2 equivalent,8818.027485,All greenhouse gases - (CO2 equivalent),Industry
2018,Member States,BG,Bulgaria,t CO2 equivalent,9182.276991,All greenhouse gases - (CO2 equivalent),Industry
2019,Member States,BG,Bulgaria,t CO2 equivalent,8798.320284,All greenhouse gases - (CO2 equivalent),Industry
2020,Member States,BG,Bulgaria,t CO2 equivalent,8331.862636,All greenhouse gases - (CO2 equivalent),Industry
2021,Member States,BG,Bulgaria,t CO2 equivalent,9107.187599,All greenhouse gases - (CO2 equivalent),Industry
1990,Member States,BE,Belgium,t CO2 equivalent,49032.35322,All greenhouse gases - (CO2 equivalent),Industry
1991,Member States,BE,Belgium,t CO2 equivalent,48333.84408,All greenhouse gases - (CO2 equivalent),Industry
1992,Member States,BE,Belgium,t CO2 equivalent,48227.10603,All greenhouse gases - (CO2 equivalent),Industry
1993,Member States,BE,Belgium,t CO2 equivalent,47325.05344,All greenhouse gases - (CO2 equivalent),Industry
1994,Member States,BE,Belgium,t CO2 equivalent,50798.60078,All greenhouse gases - (CO2 equivalent),Industry
1995,Member States,BE,Belgium,t CO2 equivalent,52439.17553,All greenhouse gases - (CO2 equivalent),Industry
1996,Member States,BE,Belgium,t CO2 equivalent,51216.43384,All greenhouse gases - (CO2 equivalent),Industry
1997,Member States,BE,Belgium,t CO2 equivalent,48001.38241,All greenhouse gases - (CO2 equivalent),Industry
1998,Member States,BE,Belgium,t CO2 equivalent,49690.63321,All greenhouse gases - (CO2 equivalent),Industry
1999,Member States,BE,Belgium,t CO2 equivalent,47912.86423,All greenhouse gases - (CO2 equivalent),Industry
2000,Member States,BE,Belgium,t CO2 equivalent,49318.39004,All greenhouse gases - (CO2 equivalent),Industry
2001,Member States,BE,Belgium,t CO2 equivalent,47910.31211,All greenhouse gases - (CO2 equivalent),Industry
2002,Member States,BE,Belgium,t CO2 equivalent,47089.76257,All greenhouse gases - (CO2 equivalent),Industry
2003,Member States,BE,Belgium,t CO2 equivalent,45871.5546,All greenhouse gases - (CO2 equivalent),Industry
2004,Member States,BE,Belgium,t CO2 equivalent,46638.84421,All greenhouse gases - (CO2 equivalent),Industry
2005,Member States,BE,Belgium,t CO2 equivalent,45457.75652,All greenhouse gases - (CO2 equivalent),Industry
2006,Member States,BE,Belgium,t CO2 equivalent,44928.12226,All greenhouse gases - (CO2 equivalent),Industry
2007,Member States,BE,Belgium,t CO2 equivalent,43469.83383,All greenhouse gases - (CO2 equivalent),Industry
2008,Member States,BE,Belgium,t CO2 equivalent,44260.41575,All greenhouse gases - (CO2 equivalent),Industry
2009,Member States,BE,Belgium,t CO2 equivalent,32790.31728,All greenhouse gases - (CO2 equivalent),Industry
2010,Member States,BE,Belgium,t CO2 equivalent,37622.67262,All greenhouse gases - (CO2 equivalent),Industry
2011,Member States,BE,Belgium,t CO2 equivalent,36695.43836,All greenhouse gases - (CO2 equivalent),Industry
2012,Member States,BE,Belgium,t CO2 equivalent,33994.63708,All greenhouse gases - (CO2 equivalent),Industry
2013,Member States,BE,Belgium,t CO2 equivalent,34418.86005,All greenhouse gases - (CO2 equivalent),Industry
2014,Member States,BE,Belgium,t CO2 equivalent,34205.60133,All greenhouse gases - (CO2 equivalent),Industry
2015,Member States,BE,Belgium,t CO2 equivalent,34299.10046,All greenhouse gases - (CO2 equivalent),Industry
2016,Member States,BE,Belgium,t CO2 equivalent,34663.05157,All greenhouse gases - (CO2 equivalent),Industry
2017,Member States,BE,Belgium,t CO2 equivalent,34731.40128,All greenhouse gases - (CO2 equivalent),Industry
2018,Member States,BE,Belgium,t CO2 equivalent,35343.29848,All greenhouse gases - (CO2 equivalent),Industry
2019,Member States,BE,Belgium,t CO2 equivalent,33829.59538,All greenhouse gases - (CO2 equivalent),Industry
2020,Member States,BE,Belgium,t CO2 equivalent,31697.70854,All greenhouse gases - (CO2 equivalent),Industry
2021,Member States,BE,Belgium,t CO2 equivalent,32177.51931,All greenhouse gases - (CO2 equivalent),Industry
1990,Member States,AT,Austria,t CO2 equivalent,23224.69599,All greenhouse gases - (CO2 equivalent),Industry
1991,Member States,AT,Austria,t CO2 equivalent,23594.72779,All greenhouse gases - (CO2 equivalent),Industry
1992,Member States,AT,Austria,t CO2 equivalent,21245.41189,All greenhouse gases - (CO2 equivalent),Industry
1993,Member States,AT,Austria,t CO2 equivalent,21452.16568,All greenhouse gases - (CO2 equivalent),Industry
1994,Member States,AT,Austria,t CO2 equivalent,22931.18016,All greenhouse gases - (CO2 equivalent),Industry
1995,Member States,AT,Austria,t CO2 equivalent,23671.8433,All greenhouse gases - (CO2 equivalent),Industry
1996,Member States,AT,Austria,t CO2 equivalent,23731.5353,All greenhouse gases - (CO2 equivalent),Industry
1997,Member States,AT,Austria,t CO2 equivalent,25902.54145,All greenhouse gases - (CO2 equivalent),Industry
1998,Member States,AT,Austria,t CO2 equivalent,24138.65315,All greenhouse gases - (CO2 equivalent),Industry
1999,Member States,AT,Austria,t CO2 equivalent,23217.60606,All greenhouse gases - (CO2 equivalent),Industry
2000,Member States,AT,Austria,t CO2 equivalent,24431.03734,All greenhouse gases - (CO2 equivalent),Industry
2001,Member States,AT,Austria,t CO2 equivalent,24388.45535,All greenhouse gases - (CO2 equivalent),Industry
2002,Member States,AT,Austria,t CO2 equivalent,25490.68888,All greenhouse gases - (CO2 equivalent),Industry
2003,Member States,AT,Austria,t CO2 equivalent,25928.80568,All greenhouse gases - (CO2 equivalent),Industry
2004,Member States,AT,Austria,t CO2 equivalent,25816.747,All greenhouse gases - (CO2 equivalent),Industry
2005,Member States,AT,Austria,t CO2 equivalent,27013.05079,All greenhouse gases - (CO2 equivalent),Industry
2006,Member States,AT,Austria,t CO2 equivalent,27369.7073,All greenhouse gases - (CO2 equivalent),Industry
2007,Member States,AT,Austria,t CO2 equivalent,27673.9418,All greenhouse gases - (CO2 equivalent),Industry
2008,Member States,AT,Austria,t CO2 equivalent,28398.75938,All greenhouse gases - (CO2 equivalent),Industry
2009,Member States,AT,Austria,t CO2 equivalent,24537.39799,All greenhouse gases - (CO2 equivalent),Industry
2010,Member States,AT,Austria,t CO2 equivalent,27123.07915,All greenhouse gases - (CO2 equivalent),Industry
2011,Member States,AT,Austria,t CO2 equivalent,27223.84439,All greenhouse gases - (CO2 equivalent),Industry
2012,Member States,AT,Austria,t CO2 equivalent,26722.21969,All greenhouse gases - (CO2 equivalent),Industry
2013,Member States,AT,Austria,t CO2 equivalent,26871.41905,All greenhouse gases - (CO2 equivalent),Industry
2014,Member States,AT,Austria,t CO2 equivalent,26627.45779,All greenhouse gases - (CO2 equivalent),Industry
2015,Member States,AT,Austria,t CO2 equivalent,27003.64125,All greenhouse gases - (CO2 equivalent),Industry
2016,Member States,AT,Austria,t CO2 equivalent,27012.20273,All greenhouse gases - (CO2 equivalent),Industry
2017,Member States,AT,Austria,t CO2 equivalent,27952.87639,All greenhouse gases - (CO2 equivalent),Industry
2018,Member States,AT,Austria,t CO2 equivalent,26428.97422,All greenhouse gases - (CO2 equivalent),Industry
2019,Member States,AT,Austria,t CO2 equivalent,27337.85731,All greenhouse gases - (CO2 equivalent),Industry
2020,Member States,AT,Austria,t CO2 equivalent,26045.96376,All greenhouse gases - (CO2 equivalent),Industry
2021,Member States,AT,Austria,t CO2 equivalent,27881.83537,All greenhouse gases - (CO2 equivalent),Industry
